food_id,name
17669,Agua Fresca Honeydew Basil
17668,Agua Fresca Pineapple Ginger
17607,Agua Fresca Strawberry Pineapple
17666,Agua Fresca Strawberry Thyme
14547,Aloo Gobi
15612,Aloo Gobi Taste of Asia
19996,Aloo Gobi with Mixed Vegetables
5284,Antipasto Platter
8386,Appetizer Potsticker Chicken Fzn
12079,Appetizer Potsticker Vegetable Fzn
11636,Appetizer Spanakopita Gordon Choice
8654,Apples Gala
833,Apples Golden Delicious
16311,Apples Hot Cinnamon Vegan
837,Apples Red Delicious
19245,Apples Red Delicious ALC
15157,Applesauce Mullen's
15363,Applesauce Unsweetened
16562,Arancini di Riso Risotto Deep Fried
292,Artichoke Hearts
9534,Asparagus Battered Fries Recipe
524,Asparagus Cuts & Tips
3623,Asparagus Cuts And Tips
18451,Asparagus Fresh Steamed
9455,Asparagus Frozen Spears Steamed
8711,Asparagus Spear Fzn
6489,Asparagus Trimmed
5648,Asparagus w/ Lemon & Garlic & O.o.
7998,Assorted Cookies
1661,Avocado Halves
6577,Avocado Pulp 4oz ALC
21743,Avocado Pulp Fresh
3381,Bacon Canadian Grilled
7021,Bagel Alpha Chocolate Chip
4918,Bagel Bar
12644,Bagel Fzn Assorted
2779,Bagel Thomas Cinnamon Raisin 6pk
18275,Bagel Thomas Everything 6pk
18088,Bagel Thomas Plain 6pk
17098,Bagels & Cream Cheese & Butter & Jelly IH
293,Bamboo Shoots
17357,Banana ALC
841,Bananas Greentip
12470,Bar Almond Apricot IKE
22157,Bar Apple Crumble
13981,Bar Apple Crumble IKE
19374,Bar Avocado Toast
22155,Bar Avocado Toast Vegetarian
16855,Bar Bi Bim Bap (BLANK-DON'T FORECAST)
20025,Bar Blackberry Oat
10253,Bar Blondie
12485,Bar Blondie Butterscotch
18721,Bar Blondie Caramel Pretzel Sea Salt
18717,Bar Blondie Caramel Pretzel SeaSalt Choc
6124,Bar Blondie Chocolate Chip Premade
14753,Bar Blondie M&M
21204,Bar BYO PB&J Toast(BLANK-DON'T FORECAST)
17139,Bar Deli PAR
22025,Bar Dessert Crumble Blueberry Vegan
22027,Bar Dessert Crumble Triple Berry
21195,Bar Dessert Mithai Kalakand
15058,Bar Flatbread
17092,Bar Flatbread (BLANK-DON'T FORECAST)
22035,Bar Flatbread Vegetarian
14961,Bar Grilled Cheese
12833,Bar Grinder IKE
16868,Bar Gyro (BLANK-DON'T FORECAST)
14593,Bar Ice Melona Melon Flavor
14594,Bar Ice Melona Strawberry Flavor
9849,Bar Lemon Hallmade
12640,Bar Lemon Item
16864,Bar Mashed Potato (BLANK-DON'T FORECAST)
20000,Bar Pasta (BLANK-DON'T FORECAST)
19518,Bar Peanut Butter Jelly
11596,Bar Pecan
19976,Bar Raspberry Cream Cheese Walnut
17548,Bar Raspberry Crumble
10251,Bar Raspberry Walnut
10861,Bar Rice Krispies Treat Caramel
11788,Bar Rice Krispies Treat Choc Peanut
14488,Bar Rice Krispies Treat Chocolate Chip
12500,Bar Rice Krispies Treat Chocolate Coffee
6372,Bar Rice Krispies Treat Chocolate Glazed
10331,Bar Rice Krispies Treat Cocoa
16612,Bar Rice Krispies Treat Cocoa Oreo
10868,Bar Rice Krispies Treat IKE
10333,Bar Rice Krispies Treat M&M
3592,Bar Rice Krispies Treat Original
6764,Bar Rice Krispies Treat Peanut Butter
16258,Bar Rice Krispies Treat Reese's Pieces
19932,Bar Salad Parstock PAR
12934,Bar Salad Small--Late Night
16858,Bar Salad Southwest BLANK-DON'T FORECST
16859,Bar Soup Ramen (BLANK-DON'T FORECAST)
11138,Bar Strawberry Walnut
16866,Bar Sushi Rice Bowl BLANK-DON'T FORECST
6282,Bar Waffle
16626,Bar Yogurt DIA
16682,Bar Yogurt Greek
6284,Bar Yogurt Regular
5120,Bars Cinnamon Toast Crunch Recipe
11553,Bars Froot Loop Treats
10330,Bars Lucky Charm Treat
14781,Bars Rice Krispies Treat Vegan
10675,Bars Rocky Road
5987,Bars S'mores
282,Base Soup Chicken
7474,BBQ Sauce IU
12524,Bean Sprouts Poached Bi Bim Bap
3445,Beans Baked
9343,Beans Black Cooked IH*
14041,Beans Black PAR
5549,Beans Black Spicy
8492,Beans Canned Baked Vegetarian
1408,Beans Canned Black
301,Beans Canned Garbanzo
299,Beans Canned Kidney Dark Red
7409,Beans Canned Northern
9951,Beans Canned Red Sweet Paste Jinyang
1456,Beans Canned Refried Vegetarian
14305,Beans Cannellini Kale w/ Lemon Gremolata
5257,Beans Creole
22024,Beans Dried Cannellini Recipe
9234,Beans Green Almondine
16187,Beans Green and Potatoes
9533,Beans Green Battered Fried
14893,Beans Green Fresh Sauteed
641,Beans Green Fresh Whole
22058,Beans Green Fried ALC
9457,Beans Green Frozen Steamed
558,Beans Green Fzn Cut
7452,Beans Green Italian IU
7448,Beans Green Sauteed IU
15627,Beans Green Smothered w/ New Potatoes
3116,Beans Green Southern
5487,Beans Green Szechuan
5526,Beans Green w/ Lemon Zest
13496,Beans Green w/ Roasted Garlic Oil
8373,Beans Green w/ Szechuan Sauce
3142,Beans Green Whole (frozen)
9015,Beans Green with Roasted Shallots
10285,Beans Green with Roasted Shallots Walnut
13384,Beans Nacho
5270,Beans Northern With Gremolata
5553,Beans Peruano
12705,Beans Pinto Cocina
13225,Beans Pinto Vegetarian
5191,Beans Pinto with Ham Hocks
16170,Beans Red Smoked Vegan
4400,Beans Refried
1568,Beans Soy Edamame Shelled Bulk
14063,Beef Alambres
3282,Beef and Noodles
9243,Beef Bang Bang
12202,Beef Barbacoa
12322,Beef Brisket BBQ
17229,Beef Brisket BBQ Sliced Precooked
11546,Beef Brisket Fresh House Smoked
18238,Beef Brisket Fresh House Smoked BBQ
6360,Beef Brisket Roast
18328,Beef Brisket Sliced Precooked
6818,Beef Bulgogi
14897,Beef Carne Asada Char Grilled
14895,Beef Char Grilled Bulgogi
9279,Beef Chili Mac
20768,Beef Chili Mac Illini Fuel
10255,Beef Corned Cabbage
11100,Beef Corned Hash
3939,Beef Fajitas
6408,Beef Ground Taco Filling
20121,Beef Ground Taco Filling Halal
22146,Beef Ground Taco Filling IS-ISR
18663,Beef Gyro Sliced Halal
6476,Beef Hamburger Stroganoff
3389,Beef Hot Dog 8/1 without Bun
17173,Beef Hot Dog ALC
17568,Beef Hot Dog Sonoran
3532,Beef Italian
19408,Beef Italian with Gravy Halal
10329,Beef Kabob
10771,Beef Kofta
6326,Beef Lomo Saltado
5485,Beef London Broil
5690,Beef Mongolian
2639,Beef NY Strip Loin
18140,Beef Oxtails Caribbean
19994,Beef Pasanda
7424,Beef Patty 3/1
2586,Beef Patty 4/1
22273,Beef Patty 4/1 Halal
17200,Beef Patty 8/1
14570,Beef Patty Better Burger 4 oz
19474,Beef Patty Better Burger 4oz Halal
18960,Beef Patty Blended The Chuck Recipe
14560,Beef Patty Chorizo
14563,Beef Patty Curry Better Burger
14614,Beef Patty Fuego Fuego 4oz
3383,Beef Patty Recipe 4oz
17449,Beef Patty Slider
6769,Beef Pepper Steak
19718,Beef Philly Steak Pucks Cooked
6365,Beef Pot Roast Grandma's
5412,Beef Ribeye Roll Roasted
8060,Beef Ribeye Smoked Carved Au Jus IH
2952,Beef Roast
14755,Beef Roast Ball Tip
14915,Beef Sirloin Tri-Tip Roast
19841,Beef Sliced Raw Sky Garden
5543,Beef Sloppy Joe Halal
4507,Beef Steak Filet
18481,Beef Steak Flank Balsamic Grilled
10624,Beef Steak Flank Chimichurri
13666,Beef Steak Flank Mushroom Peppercorn
16569,Beef Steak Flank Soy Ginger
11156,Beef Steak Flank Tunisian
10763,Beef Steak Hong Kong
4453,Beef Steak N.Y. Strip
10826,Beef Steak Ribeye 12oz IKE
11632,Beef Steak Sirloin 8oz
6742,Beef Stew
6616,Beef Strip Julienne
3053,Beef Stroganoff
550,Beef Sukiyaki and Vegetables
14509,Beef Sukiyaki Taste of Asia
7826,Beef Tenderloin Tips with Mushroom
4833,Beef Tenders Tips
13828,Beef Tri Tip Chargrilled Rosemary Garlic
18491,Beef Tri Tip Coffee Rubbed
12798,Beef Tri Tip Herb Rubbed
14520,Beef Tri Tip Roast Chimichurri
17529,Beef Tri Tip Soy Ginger
4940,Beef Vegetable Stirfry
12807,Beef w/Snow Peas
18419,Beets Roasted
19061,Beignet Frozen Fried
1000,Berry Blackberries Fresh
6872,Berry Blueberries Fresh
6874,Berry Raspberries Fresh
877,Berry Strawberries Fresh
483,Berry Strawberries Sliced IQF
881,Berry Strawberries Whole IQF
7880,Beverage Hot Chocolate Mexican
17663,Beverage Spritzer Beet
18098,Beverage Water Hibiscus
18339,Bhaji Eggplant and Potato
18338,Bhaji Green Bean and Potato
10712,Bhaji Spinach and Cauliflower
22054,Bio Bowl Paper White 24oz
10126,Bio Fork
10124,Bio Plate 9 in.
1200,Biscuit Dough Fzn 2.2oz
8406,Biscuit Dough Fzn Garlic Cheddar 1.2oz
4321,Biscuits Buttermilk
14056,Bok Choy Braised
7466,Bok Choy IU
5693,Bok Choy Shiitake Braised
6511,Bok Choy Trimmed
19954,Bowl Good Karma
22144,Bowl Good Karma IS-ISR
20850,Bowl Lentil Thai
17304,Bowl Quinoa Chicken Blueberry Almond NNM
18413,Bowl Quinoa Chick'n Blueberry Garbanzo
22021,Bowl Rice Halal Chicken
22022,Bowl Rice Halal Falafel
22020,Bowl Rice Halal Lamb
17613,Bowl Rice Kimchee Scrambled Eggs
12390,Bowl Rice Mushroom
18537,Bowl Rice Noodle Vermicelli
18803,Bread Apple Paste Manchego
8443,Bread Baguette French Fzn 21 in.
18159,Bread Bao Folded Frozen
18995,Bread Bao Folded Recipe
17354,Bread Bun Alpha RB Pl Deep 4 in.
1058,Bread Bun Sausage and Brat
9643,Bread Bun Slider
10091,Bread Cheesy Garlic
3366,Bread Dressing
9731,Bread Flatbread Naan 4.4oz
19358,Bread Flatbread Naan Mini
4944,Bread Garlic Baked
6938,Bread Garlic Sliced Fzn
10711,Bread Grilled Pita
1667,Bread Pita Flat 7 in.
16087,Bread Pudding Chocolate
5859,Bread Roll French Sliced 6 in.-8 in.
19368,Bread Roll French Sliced Mini 4 in.
6466,Bread Roll Hawaiian Sweet
1537,Bread Roll Sister Schubert
21447,Bread Roll Sourdough Hoagie Sliced 6 in.
21148,Bread Roll Steak Bun Alpha
10150,Bread Roll Wheat Hoagie Sliced 7 in.
12422,Bread Roti
19242,Bread Sourdough California Sliced
4381,Bread Sticks Gourmet
11949,Bread Toasted Pita
1696,Bread Wheat Berry Alpha 24oz
21898,Bread Wheat Honey Sliced Sara Lee
19213,Bread Wheat Sorghum
19310,Bread Wheat Whole 100% Sliced Alpha
1041,Bread White Sandwich Sliced Alpha
1060,Bread White Texas Toast
17196,Breakfast Bowl Southwest BYO
16762,Broccoli & Shallots Roasted
6861,Broccoli Floret Fresh
3172,Broccoli Florets Fzn Steamed
532,Broccoli Frozen
14779,Broccoli Roasted
9458,Broccoli Seasoned
5548,Broccoli Spicy
9872,Broccoli Spicy with Edamame
15098,Broccoli Steamed Fresh
7437,Broccoli Steamed IU
9334,Broccoli w/ Lemon Zest and Garlic
5586,Broccoli with Cheese Sauce
13915,Broccolini Sauteed w/ Lemon & Parmesan
13714,Broth Ramen Chicken
22286,Broth Ramen Miso
13715,Broth Ramen Soy
15330,Broth Ramen Vegetable
15457,Broth Thai Style Vegan
21190,Brownie Black Bean Harvest Dinner
18461,Brownie Blonde Chess
20024,Brownie Brookies
17255,Brownie Caramel Salted Pretzel
19688,Brownie Chocolate Chess IKE
14489,Brownie Chocolate Vegan
22145,Brownie Chocolate Vegan IS-ISR
14168,Brownie Cream Cheese
563,Brownie Fudge Uniced Premade
14172,Brownie M&M
16259,Brownie Mix Recipe
12828,Brownie Mocha
14490,Brownie Oreo IKE
14464,Brownie Red Velvet
19519,Brownie Triple Chocolate Mix Recipe
12829,Brownies Banana Nut
12488,Brownies Butterscotch IKE
10338,Brownies Chocolate Peanut Butter
10673,Brownies IKE
16263,Brownies Marshmallow Mix Recipe IKE
3805,Brownies Premade
12489,Brownies Raspberry
16260,Brownies Walnut Mix Recipe IKE
19853,Brussels Sprouts Fresh Roasted
6698,Brussels Sprouts Frozen
15523,Brussels Sprouts Shaved w/ Onions
18316,Brussels Sprouts Steamed
21891,Bubble Tea Fruit Syrup Options
6624,Bulgogi Marinade
15107,Bulgur Cooked
7412,Bun Bao Pork Char Siu 1oz
21119,Bun Brioche Fresh
19121,Bun Brioche Fzn Sliced Rotella
11770,Bun Brioche Slider Fzn
14716,Bun Hamburger Gourmet 4 in. Alpha
18309,Bun Hamburger Gourmet 4 in. Rotella's
1054,Bun Hamburger Sliced 4 in.
1057,Bun Hot Dog 5.75 in.
11743,Bun Hot Dog Alpha Jumbo 6 in.
6845,Bun Hot Dog Frozen
7092,Bun Hot Dog Poppyseed
21210,Bun Hot Dog Retail 8ct
12961,Bun Hot Dog Slider
6915,Bun Kaiser Cornmeal 4.5 in. Alpha
6926,Bun Kaiser Cornmeal 4.5 in. Hilltop Hearth
1051,Bun Kaiser Plain 4.5 in. Alpha
12984,Bun Pretzel 4 in.
7544,Bun Red Bean
14715,Bun Roll Pretzel Bavarian
13212,Burrito Breakfast Chorizo Egg Peppers
10821,Butter Clarified
20772,Butter Compound Fruit
20773,Butter Compound Lemon Herb
7276,Butter Cup Plastic PC
12338,Butter Honey
1075,Butter Peanut Creamy Bulk
5953,Butter Peanut PC 200/.75oz
19212,Butter Sorghum
14759,Butter Whipped
12665,Cabbage Fried
6494,Cabbage Napa Cleaned
5293,Cabbage Red Braised
18620,Cabbage Rolls Golabki
5297,Cabbage Rolls Vegetarian
14914,Cabbage Sauteed
6175,Cactus Pepper Saute
2895,Cake Angel Food
16267,Cake Angel Food IKE
12224,Cake Apple Spice
12450,Cake Banana Blueberry IKE
6462,Cake Black Forest Layered
17770,Cake Butter St. Louis Gooey
20946,Cake Carrot Sheet Buttercream Vegan
12633,Cake Carrot Sheet IKE
17821,Cake Chocolate Abuelita
13746,Cake Chocolate Almond IKE
14348,Cake Chocolate Cherry
14492,Cake Chocolate Mocha
16659,Cake Chocolate Mousse
12921,Cake Chocolate Peanut Butter
17642,Cake Chocolate Vegan
16662,Cake Coconut Bibingka
5579,Cake Corn Sweet
15339,Cake Crepe Strawberry Cream IKE
14118,Cake Dark Chocolate Round IKE
12501,Cake Fruit Tres Leches
14491,Cake Fruit Vegan
7347,Cake Half Sheet Orange
16519,Cake Hummingbird
17383,Cake King Iced Traditional
744,Cake Layer Carrot
21212,Cake Layer Chocolate Dusted IlliniFuel
2605,Cake Layer Chocolate Sara Lee 9 in.
2888,Cake Layer Lemon Italian
6264,Cake Layer Red Velvet Sara Lee
12484,Cake Lemon Blueberry
13739,Cake Lemon Buttermilk
18408,Cake Lemon Buttermilk Easy
18720,Cake Matcha
12469,Cake Molassess Ginger
17671,Cake Peach Berry Yogurt Neo Soul
13752,Cake Pineapple Upside Down IKE
13743,Cake Pop IKE
4356,Cake Pound with Berries
16524,Cake Pumpkin Roll
14367,Cake Roll Red Velvet
15628,Cake Sheet Caramel Mix Recipe
8760,Cake Sheet Carrot
9484,Cake Sheet Chocolate German
12639,Cake Sheet Chocolate German Recipe
7198,Cake Sheet Chocolate Iced
12225,Cake Sheet Chocolate Iced IKE
17652,Cake Sheet Chocolate Mix Recipe
17879,Cake Sheet Chocolate Mix Recipe Iced
13735,Cake Sheet Red Velvet Scratch Iced
1210,Cake Sheet Strawberry Shortcake Layered
18417,Cake Sheet Texas Torte
19479,Cake Sheet Tres Leches Mix Recipe
11802,Cake Sheet White Chocolate Raspberry IKE
17884,Cake Sheet White Whipped Topping
14064,Cake Sheet Yellow Mix Recipe
18469,Cake Strawberry
16615,Cake Texas Sheet
1312,Cake Tiramisu Gourmet Frozen
16528,Cake Tres Leches Recipe
12221,Cake Vanilla Sheet
5227,Calamari Fried Pre-Breaded
12863,Calzone Cheese
5493,Calzone Sausage
12861,Calzone Supreme
3676,Cantaloupe Wedge
12222,Caramel Peanut Bar
6766,Carne Asada w/ Mojo Marinade
565,Carrot Baby Frozen
5480,Carrot Baby Glazed
14386,Carrot Celery Sticks Platter
6887,Carrot Shredded
559,Carrot Sliced Crinkle Frozen
2214,Carrot Sticks
659,Carrot Whole Peeled Large
3179,Carrots Baby Maple Glazed
14469,Carrots Baby Steamed
14762,Carrots Glazed w/ Mint Vegan
3515,Carrots Glazed with Mint
17535,Carrots Herb Roasted
17105,Carrots Rainbow w/ Fennel Sprigs
14778,Carrots Roasted with Dill
18378,Carrots Roasted Za'atar
6536,Carrots Shredded
7251,Casserole Bean Black IU
6781,Casserole Beef Enchilada
10744,Casserole Burrito Vegetarian
8465,Casserole Butternut Squash & Rice
9425,Casserole Cauliflower Pasta Bake
10402,Casserole Chicken and Rice
5157,Casserole Chicken Enchilada
9438,Casserole Chorizo
6257,Casserole Corn
12841,Casserole Enchilada Bean Vegan
17479,Casserole Enchilada Potato Rajas
4277,Casserole Hashbrown Potato Cheese
5405,Casserole Lentil Shepherd's Pie
7074,Casserole Potato Sausage Breakfast
10463,Casserole Shepherds Pie
4259,Casserole Twice Baked Potato
3883,Cauliflower
9338,Cauliflower Au Gratin IH*
18220,Cauliflower Buffalo Crudite
17272,Cauliflower Cajun w/ Bean Tomato Relish
7942,Cauliflower Fresh Floret
534,Cauliflower Frozen
15601,Cauliflower Mashed
21094,Cauliflower Mashed Vegan
19787,Cauliflower Multi Color Fzn
8396,Cauliflower Puttanesca Vegan
9239,Cauliflower Roasted
18243,Cauliflower Roasted Buffalo
15111,Cauliflower Roasted Vegan
10733,Cauliflower Spicy
2264,Celery Sticks
21727,Cereal Bowl Assorted General Mills
21728,Cereal Bowl Assorted Kellogg's
1622,Cereal Bulk Granola Organic
3398,Cereal Cream of Wheat
15039,Cereal Malt-o-Meal Chocolate Recipe
3612,Cereal Oatmeal
13952,Cereal Oatmeal Packet Assorted Bulk
20410,Cereal Porridge Millet Ginger
19179,Charcuterie Platter
20389,Charred Okra with Berbere
89,Cheese American Yellow Sliced
17103,Cheese and Fruit Tray Large IH
13832,Cheese and Fruit Tray with Crackers
8796,Cheese Blue Crumbles
5598,Cheese Cheddar Shredded
6941,Cheese Cheddar Sliced
1549,Cheese Cheddar White Sliced
95,Cheese Cream Loaf
408,Cheese Cream Philly Cup
16702,Cheese Cream Philly Cup Light
13314,Cheese Cream Philly Garden Vegetable Cup
2432,Cheese Cream Strawberry Cup
10058,Cheese Curds Fried
7930,Cheese Display Domestic & Import
6638,Cheese Feta
12310,Cheese Mexican Chihuahua Shredded
8389,Cheese Monterey Jack Shredded
7204,Cheese Mozz/Prov Mix Shredded
14775,Cheese Mozzarella Shredded
4212,Cheese Mozzarella Sticks
17184,Cheese Mozzarella Sticks ALC
99,Cheese Parmesan Grated
9035,Cheese Parmesan Shredded
8203,Cheese Pepper Jack Sliced
6944,Cheese Provolone Sliced
13328,Cheese Shredded Swiss
6942,Cheese Swiss Sliced
9976,Cheese Vegan American Sliced
9781,Cheese Vegan Cheddar Shredded
20160,Cheese Vegan Provolone Follow Your Heart
17682,Cheesecake Bars Oreo
19974,Cheesecake Mango
16535,Cheesecake New York Style IH
17108,Cheesecake Nutella
4818,Cheesecake NY
1670,Cheesecake NY Style
12492,Cheesecake Strawberry Swirl
8466,Cheesecake Variety PAR
19436,Cheesecake Vegan Daiya Strawberry
8122,Chicken 8-Cut Baked Halal
12850,Chicken 8-Cut Chimichurri
4024,Chicken 8-Cut Fried Halal
19156,Chicken 8-Cut Fried Heather's Halal
17256,Chicken 8-Cut Grilled White BBQ Halal
8331,Chicken 8-Cut Herb Roasted Halal
14987,Chicken 8-Cut Jerk Halal
5541,Chicken 8-Cut Lemon Pepper Halal
3086,Chicken 8-Cut Pieces Baked BBQ Halal
14272,Chicken 8-Cut Roasted Jerk Halal
8016,Chicken 8-Cut Roasted Natural Jus Halal
18669,Chicken 8-Cut Roasted Tomato Onion Halal
16572,Chicken 8-Cut Rotisserie Halal
16811,Chicken 8-Cut Tikka Masala Halal
12351,Chicken 8-Cut Yucatecan Churrasco Halal
12767,Chicken Adobo Halal
15515,Chicken Alambres
5298,Chicken and Noodles for Oodles
10561,Chicken Breast Apple Honey Glazed
12682,Chicken Breast Avocado Ranch
8154,Chicken Breast BBQ Halal
7846,Chicken Breast Blackened Halal
11621,Chicken Breast Buffalo Halal
15690,Chicken Breast Chargrill Southern Halal
8213,Chicken Breast Chipotle Honey Halal
20846,Chicken Breast Crunchy Onion Halal
7389,Chicken Breast Don's Grilled Halal
12398,Chicken Breast Gemuse Halal
10786,Chicken Breast Giardiniera Halal
9439,Chicken Breast Greek
12687,Chicken Breast Grilled Cocina Halal
4312,Chicken Breast Grilled Halal
10562,Chicken Breast Grilled Hoisin Lime
14147,Chicken Breast Grilled Parmesan Halal
10559,Chicken Breast Grilled Ranch Halal
5727,Chicken Breast Grilled Smothered Halal
2748,Chicken Breast Grilled Teriyaki Halal
16380,Chicken Breast Grilled w/ Chasseur Sauce
17653,Chicken Breast Grilled White BBQ Halal
7428,Chicken Breast Herb Grilled Catering
8738,Chicken Breast Herb Grilled Halal
4765,Chicken Breast Honey Dijon
13587,Chicken Breast Honey Dijon Catering
5703,Chicken Breast Honey Lime Halal
12686,Chicken Breast Italian Herb Halal
6722,Chicken Breast Jerk Halal
17305,Chicken Breast Julienne Mustard Seasoned
3754,Chicken Breast Julienne Pieces Cooked
15027,Chicken Breast Korean Fire
9408,Chicken Breast Lemon Artichoke Catering
17162,Chicken Breast Lemon Dill Halal
10741,Chicken Breast Lemon Pepper Halal
4137,Chicken Breast Marinated Grilled Halal
9763,Chicken Breast Marsala
13302,Chicken Breast Marsala IKE
7511,Chicken Breast Mole
8706,Chicken Breast Moroccan Tagine Halal
5155,Chicken Breast Parmesan Halal
18819,Chicken Breast Peri Peri Halal
20830,Chicken Breast Peri Peri ISR
3327,Chicken Breast Piccata
13784,Chicken Breast Southwest Halal
11698,Chicken Breast Teriyaki Grilled IKE
12692,Chicken Breast Thai Chili Halal
10532,Chicken Breast Tropical Halal
21180,Chicken Butter Thighs Halal
3343,Chicken Cantonese Almond
9340,Chicken Chile Verde
14060,Chicken Cocina IKE
19308,Chicken Diced Cooked Fzn
13829,Chicken Drumstick Thai Chili
18245,Chicken Drumsticks Coffee Chipotle
5160,Chicken Drumsticks Mongolian
18623,Chicken Drumsticks Smoked Dry Rub Halal
4430,Chicken Fajita Recipe
10320,Chicken Fajitas IKE
5287,Chicken General Tso's
12669,Chicken Grilled Tenderloin
13088,Chicken in Garlic Sauce
18709,Chicken Jerk Thigh Halal
17899,Chicken Livers Fried
17674,Chicken Nashville Hot
13815,Chicken Pad Thai
3974,Chicken Patty Breaded Fried Recipe
20081,Chicken Patty Slider Baked
22014,Chicken Patty Spicy Fried Recipe
5475,Chicken Penne w/Alfredo Sauce
18999,Chicken Philly Style Cooked
5020,Chicken Popcorn Original
4041,Chicken Pot Pie
14487,Chicken Princess PAR
17099,Chicken Pulled BBQ
19170,Chicken Shawarma Halal
22097,Chicken Shawarma Halal ISR-IS
11249,Chicken Shredded Carnita
14704,Chicken Spring Roll Recipe
12694,Chicken Stir Fry and Broccoli
9440,Chicken Stir Fry Korean Fire
8372,Chicken Stir Fry Kung Pao
3826,Chicken Stir Fry with Broccoli
9642,Chicken Sweet and Sour
13037,Chicken Szechuan
7668,Chicken Taco Black Pepper and Ginger
13170,Chicken Taco Filling
21973,Chicken Tempura Kung Pao RTU Sauce
12847,Chicken Tempura Orange RTU Sauce
6776,Chicken Tempura Orange RTU Sauce Sesame
5997,Chicken Tempura Orange Sauce
17296,Chicken Tender 3pc ALC
3174,Chicken Tender Fried Recipe
21367,Chicken Thigh Blackened Halal
20848,Chicken Thigh Herb Grilled Halal
17856,Chicken Thigh Skewer Masala Halal
15609,Chicken Thigh Tandoori Halal
19997,Chicken Thigh Tandoori Masala Halal
22050,Chicken Thigh Yucatan Halal
18739,Chicken Thighs Korean Fire
19639,Chicken Thighs Mongolian Halal
18756,Chicken Thighs Smoked BBQ Halal
20777,Chicken Thighs Sweet Sour IL Fuel Halal
18687,Chicken Thighs Teriyaki Grilled Halal
10708,Chicken Tikka Masala
19933,Chicken w/ Artichoke & Lemon Halal
10768,Chicken w/ Lemon Grass & Candied Walnuts
10608,Chicken Wing Bar Halal
11158,Chicken Wing Boneless Buffalo
14950,Chicken Wing Boneless Fried Recipe
16564,Chicken Wing Boneless w/ Sauces ALC 6oz
5221,Chicken Wing Buffalo Halal
9647,Chicken Wing Fried Naked Halal
11020,Chicken Wing Halal IKE
19696,Chicken Wing Korean BBQ Halal
15068,Chicken Wings Cranberry Sriracha Mint
12837,Chicken Wings Fried Breaded Halal
22000,Chicken Wings Fried Cajun Seasoned Halal
18685,Chicken Wings Fried Halal
10230,Chicken Wings Garlic Parmesan Halal
12355,Chicken Wings Korean Hot
16578,Chickpea Curry
20963,Chickpea Potato Aloo Choley ISR
20838,Chickpea Shawarma
10892,Chickpeas Chana Masala Curried
18705,Chickpeas Sloppy Joe
11649,Chickpeas Spicy Roasted with Feta
14972,Chickpeas Toasted
8775,Chip Bulk Tortilla Bite Size
19623,Chip Bulk Tortilla Triangle GordonChoice
13197,Chip Indv Brickman Kettle Sea Salt
6134,Chip Indv Lays Classic
7028,Chip Small Indv Lays Regular
7182,Chip Small Indv Sunchips Original 1.5oz
13125,Chip Tortilla Strips Tri-Color
8141,Chip w/ Dip
15048,Chips Tortilla Corn House Made
8749,Chips Tortilla IH
15085,Chips Tortilla Tri-Color Fried Recipe
18399,Chips Tortilla White Corn Fried Recipe
120,Chocolate Chips Semi Sweet
11858,Chocolate Hot Gourmet 12oz
11859,Chocolate Hot Gourmet 16oz
8966,Chop Chae
14606,Chow Chow
9265,Chow Mein Shrimp
19926,Churro Chocolate Fried
19925,Churro Strawberry Fried
4716,Churros Baked
13497,Chutney Cilantro Mint
13713,Chutney Mango
12377,Chutney Mint
12405,Chutney Tamarind Sweet
9450,Chutney Tomato
5476,Cinnamon Sugar
7404,Cobbler Peach
18424,Cobbler Peach Nachos w/ Candied Walnuts
17573,Cobbler Peach Vegan
138,Coconut Shredded Sweetened Flake
10961,Coffee Americano Large
10960,Coffee Americano Med
21698,Coffee Brewed French Roast 16oz
21702,Coffee Brewed Guatemalan 16oz
6318,Coffee Brewed Plain
10964,Coffee Brewed Regular 12oz
10966,Coffee Brewed Regular 16oz
10684,Coffee Cafe Mocha Large
10940,Coffee Cafe Mocha Med
6314,Coffee Cappuccino Large
6313,Coffee Cappuccino Med
19353,Coffee Cold Brew 12oz
19354,Coffee Cold Brew 16oz
6321,Coffee Espresso Double
3810,Coffee Espresso Single
6334,Coffee Flavor Shot
10932,Coffee Latte 12oz
10930,Coffee Latte 16oz
16908,Coffee Latte Caramel Macchiato 12oz
16910,Coffee Latte Caramel Macchiato 16oz
12449,Cookie Almond IKE
15104,Cookie Breakfast Vegan
22143,Cookie Breakfast Vegan IS-ISR
7222,Cookie Butter Sugar
7219,Cookie Carnival Candy
7220,Cookie Chocolate Chip Chunk
12832,Cookie Coconut with Chocolate
7225,Cookie Double Fudge
214,Cookie Dough Carnival 1.33oz
20888,Cookie Dough Chocolate Chip 1.33oz
2391,Cookie Dough Chocolate Chip 4oz
17616,Cookie Dough Chocolate Chip Just Vegan
18468,Cookie Dough Chocolate Reese's SpOrd
210,Cookie Dough Double Choc Chip 1.33oz
6409,Cookie Dough Macadamia White Choc 1.33oz
203,Cookie Dough Milk Chocolate Chunk SpOrd
222,Cookie Dough Oatmeal Raisin 1.33oz
9495,Cookie Dough Oatmeal Raisin 3oz
204,Cookie Dough Peanut Butter 1.33oz
13390,Cookie Dough Peanut Butter 3oz
12474,Cookie Dough Rocky Road
12473,Cookie Dough Snickerdoodle 1.5oz
206,Cookie Dough Sugar Butter 1.33oz
22038,Cookie Dough Sweet Loren's Choc Chunk
22240,Cookie Dough Sweet Loren's Oatmeal Cran
7441,Cookie Dough Turtle 1.33oz
7223,Cookie Macadamia Nut
17643,Cookie Macaroons Coconut Vegan
7221,Cookie Oatmeal Raisin
7224,Cookie Peanut Butter
1196,Cookie Vanilla Wafer Bulk
20948,Cookie White Choc Cranberry Lentil
4520,Cookies Double Chocolate Chip
7853,Corn Baby
7526,Corn Buttered IU
535,Corn Cobettes
18431,Corn Dog Pork Beef
5701,Corn Dogs Turkey Recipe
14405,Corn Elote
19944,Corn Elote Breaded Nuggets Fried
14935,Corn Elote Whole Kernel
14936,Corn Elote Whole Kernel Vegan
3114,Corn Fiesta
8225,Corn on the Cob Fresh
14766,Corn on the Cob Plain
3578,Corn Whole Kernel
566,Corn Whole Kernel Frozen
9460,Corn Whole Kernel Steamed
2919,Cornbread Hall Made
19741,Cornbread Jalapeno Cheddar
13234,Cornbread Mix Recipe
17237,Cornbread Sweet Potato
18007,Cornish Hen Citrus Glazed
12213,Cornish Hens Roasted
15833,Couscous Israeli Cooked
16620,Couscous Mayan w/ Spring Mix Salad
5329,Couscous Ratatouille
4741,Couscous with Vegetables
13869,Crab Cakes Mini with Lemon Aioli
5498,Crab Rangoon Fried Recipe
13439,Cream Cheese Chocolate Chip
19426,Cream of Quinoa Ham and Cheese Vegan
10728,Creme Puff IKE
6292,Crepe Apple---Cracked Egg
9519,Crepe Blueberry---Cracked Egg
6291,Crepe Peach---Cracked Egg
6219,Crepe Shell
6290,Crepe Strawberry---Cracked Egg
4004,Crepes Breakfast
17804,Croissant Ham & Swiss
11533,Croissant Ham Egg and Cheese
8446,Crouton Seasoned Cube
17112,Cucumber Diced Fresh
12528,Cucumber Pickled Bi Bim Bap
17115,Cucumber Sliced Fresh
14812,Cupcake Assorted IKE
11793,Cupcake Carrot
13648,Cupcake Chocolate Vegan
12931,Cupcake Dark Chocolate IKE
10666,Cupcake Red Velvet
17359,Cupcakes Yellow Mix Recipe
12527,Daikon Korean Pickled Bi Bim Bap
13524,Danish Almond
13525,Danish Apple
17260,Danish Apple Caffeinator
12894,Danish Apricot IKE
4236,Danish Assorted
12895,Danish Blueberry
20046,Danish Blueberry Bavarian
5080,Danish Cheese
12896,Danish Cherry IKE
17265,Danish Chocolate Caffeinator
16265,Danish Chocolate Recipe IKE
19335,Danish Peach Bavarian
14616,Danish Peach IKE
20047,Danish Raspberry Bavarian
12898,Danish Red Raspberry IKE
12899,Danish Strawberry
5462,Deli Bar Par Recipe
16618,Deli Bar Par Recipe DIA
11620,Deli Bar Par Recipe IKE
22,Deli Beef Roast Hormel Natural Choice
12459,Deli Ham Sliced
39,Deli Ham Smoked
2382,Deli Turkey Breast
6878,Delmonte Fruit Mix Bulk
18861,Dessert Halwa Semolina
18842,Dessert Ras Malai
19223,Dip Fondue Chocolate
10852,Dip Greek Feta with Olives
18548,Dip Pinto Bean Spicy
21126,Donut Alpha Assorted
3965,Donut Cake Assorted Fzn
10650,Donut Cake Mix Recipe Iced Chocolate
10899,Donut Cake Mix Recipe Iced Vanilla
15093,Donut Yeast Sprinkles Single IKE
14689,Dough Cinnamon Roll 2.25oz
21809,Dough Tortilla Balls Flour
18193,Dressing Blue Cheese House Made
7252,Dressing Blue Cheese IU
6928,Dressing Caesar Pc
1948,Dressing Creamy Caesar 4/1gal
1658,Dressing French 4/1gal
17485,Dressing French FF Ken's PC
708,Dressing French PC
3584,Dressing Hidden Valley Ranch Recipe
1188,Dressing Honey Mustard 4/1gal
791,Dressing Italian Fat Free 4/1gal
21474,Dressing Italian FF PC 0.5oz
7589,Dressing Italian FF PC 1.5oz
805,Dressing Italian Golden 4/1gal
10064,Dressing Miso
14994,Dressing Poppy Seed
7541,Dressing Ranch Ancho Chipotle 2/1gal
7896,Dressing Ranch Buttermilk 4/1gal
1868,Dressing Ranch Buttermilk PC 1.5oz
1472,Dressing Ranch Fat Free 4/1gal
1864,Dressing Ranch FF PC 1.5oz
987,Dressing Raspberry Vinaigrette 4/1gal
14918,Dressing Salad Cobb
2816,Dressing Salad Whip 4/1gal
11741,Dressing Sesame Ken's 4/1gal
2371,Dressing Thousand Island 4/1gal
13795,Dressing Vinaigrette Herb
17387,Dressing Vinaigrette Lemon
17416,Dressing Vinaigrette Lemon Creole
9100,Dressing Vinaigrette Raspberry FF PC
18231,Dumpling Shumai Shrimp Fried
20352,Dumpling Shumai Shrimp Steamed
17118,Edamame Fresh Steamed
3479,Egg Foo Yung W/ Brown Sauce
18000,Egg Fried ALC
1334,Egg Hard Cooked
9090,Egg Patty
10972,Egg Roll Chicken Fried Recipe
10976,Egg Roll Pork Fried Recipe
4206,Egg Roll Vegetable 2pc ALC
10977,Egg Roll Vegetarian Fried Recipe 2oz
17557,Egg Steam Poached
5127,Egg Strata Green Chili
12372,Eggplant Bharta
10722,Eggplant Green Bean Stir Fry
5540,Eggplant Napoleon Tofu
3276,Eggplant Parmesan
7469,Eggplant Parmesan IU
3920,Eggplant Parmesan Prebreaded Recipe
17589,Eggplant Roasted
6426,Eggplant Spicy
9086,Eggplant Spicy with Green Beans
9522,Eggs Benedict Cracked Egg
20013,Eggs Benedict Silverfin Cake
3705,Eggs Deviled
3136,Eggs Hard Cooked
7674,Eggs Huevos Rancheros with Chorizo
3791,Eggs Scrambled
20248,Eggs Scrambled Just Vegan
8837,Eggs Scrambled Plain
7975,Eggs Scrambled w/ Asparagus and Cheddar
12797,Eggs Scrambled with Cheddar
11638,Eggs Scrambled with Chorizo
21742,Eggs Shakshuka with Pita
18540,Eggs Shakshuka with Pita Kosher
3301,Eggs Wild West Scrambled
4511,Enchiladas Black Bean
21541,EPU Beef Tip with Mushrooms
21559,EPU Cauliflower Puttanesca
21508,EPU Chicken Jerk
21516,EPU Chicken Parmesan
21548,EPU Chicken Southwest
21565,EPU Cookie Chocolate Chunk 1.5oz
22009,EPU Cookie Red Velvet 2oz
17617,EPU Cookie Sugar 1.39oz
21785,EPU Cookie Triple Chocolate 2oz
21539,EPU Fajita Vegetable
21514,EPU Pasta Manicotti Cheese
21543,EPU Pasta Penne Meatball Marinara
21544,EPU Pasta Primavera
21718,EPU Pasta Ravioli Cheese with Carrots
21530,EPU Pasta Shells Stuffed Florentine
21545,EPU Pork Loin
21546,EPU Quinoa Mushroom Risotto
21519,EPU Salad Asian Noodle Almond
21537,EPU Salad Cobb Veggie
21569,EPU Salad Quinoa Almond
21573,EPU Salad Quinoa Roasted Vegetable
21520,EPU Sandwich Croissant Bacon Egg Cheddar
21517,EPU Sandwich Croissant Chicken Salad
21523,EPU Sandwich Muffaletta
21526,EPU Sandwich Roast Beef and Cheddar
21527,EPU Sandwich Roast Beef and Provolone
21532,EPU Sandwich Turkey and Swiss
21551,EPU Turkey Cutlet
21552,EPU Vegan Beef Stir Fry
21512,EPU Wrap Black Bean
21513,EPU Wrap Buffalo Chicken
21534,EPU Wrap Hummus Vegetable
21536,EPU Wrap Tofu Vegetable
16181,Etouffee Shrimp
11619,Fajitas Shrimp Cocina
13975,Fajitas Tofu Vegetable
17194,Falafel Black-Eyed Pea
4893,Falafel ISR-IS
15342,Falafel Patty Hall Made
15081,Falafel Patty Mix Recipe
12392,Falafel Sweet Potato
7480,Fennel Braised IU
10747,Fennel Tomatoes Braised
9848,Filling Apple
984,Filling Pie Apple
978,Filling Pie Blueberry
13676,Fire Roasted Corn
7761,Fish Anchovy Fillet
5177,Fish Baked Catfish Cajun Style
15689,Fish Catfish Blackened Pickled Peaches
16188,Fish Catfish Creole
11863,Fish Catfish Fillet Breaded
4945,Fish Catfish Fillet Fried
15169,Fish Catfish Fillet Prebreaded Fried
3775,Fish Catfish Fried Lemon and Parsley
17533,Fish Cod Baked Sicilian
5486,Fish Cod Corona Baked
7430,Fish Cod Corona Fried
20545,Fish Cod Fried Masala
12510,Fish Cod Hand Battered Beer Fried
8874,Fish Cod Miso
20541,Fish Pollock Baked Sicilian
20540,Fish Pollock Cantonese Style
14629,Fish Pollock Fried Masala
20537,Fish Pollock Hand Battered Beer Fried
20544,Fish Pollock in Creole Sauce
20543,Fish Pollock Lemon Butter Capers
20539,Fish Pollock Miso
20804,Fish Pollock Tomato Fennel
16621,Fish Pollock w/ Cilantro Sauce
16650,Fish Pollock with Julienne Vegetables
18250,Fish Redfish Fried
13520,Fish Salmon Filet Herb Crusted
10683,Fish Salmon Filet Soy Honey Glazed
10535,Fish Salmon Fillet Bourbon Marinated
823,Fish Salmon Fillet Brazilian
5600,Fish Salmon Fillet Cajun
11060,Fish Salmon Grilled IKE
21354,Fish Salmon Side Bourbon Marinated
21355,Fish Salmon Side Brazilian
17242,Fish Salmon Side Grilled
21357,Fish Salmon Side Herb Crusted
12423,Fish Salmon Side Tandoori
9072,Fish Salmon Side Teriyaki Glazed
6485,Fish Salmon Smoked
21273,Fish Salmon Smoked Fresh Side
18237,Fish Silverfin Cakes Fried
20936,Fish Tikka ISR
18233,Fish Tilapia Blackened
18678,Fish Tilapia Blackened w/Pickled Peaches
17614,Fish Tilapia Butter Herb
9118,Fish Tilapia Veracruz
18103,Fish Tilapia w/ Green Seasoning
8226,Fish Tilapia with Julienne Vegetables
19023,Fish Tilapia with Lemon Butter & Capers
243,Fish Tuna in Water Canned/Pouch
1413,Fish Tuna Loins Raw
19724,Fish Tuna Poke Bowl
20975,Fish Tuna Poke Cubes Marinated
20452,Fish Tuna Yellowfin Ahi Poke Cubes
17317,Fish w/ Vegetables Cha Ca La Vong
5506,Flan
17457,Flan Café Bustelo
18148,Flan Mango
18122,F'real Smoothie Strawberry Banana
10545,French Toast Captain Crunch
6293,French Toast Casserole
14894,French Toast Maple Pecan Casserole
3998,French Toast Sticks Baked
21768,French Toast Sticks Fried
15189,Fried Gost
14740,Fries 5/16 Cut Recipe
7234,Fries Bottleneck
18383,Fries Chili Cheese Vegan
3147,Fries Crinkle Cut
17174,Fries Crinkle Cut ALC
3112,Fries Curly Seasoned
21155,Fries Gorgonzola Bacon
7754,Fries Home Seasoned IH
12960,Fries Natural Cut
18090,Fries Natural Cut ALC
7236,Fries Shoestring
3665,Fries Steak
17534,Fries Steak Parmesan Garlic
16554,Fries Straight Cut Stealth
9218,Fries Sweet Potato
7435,Fries Waffle IU
18252,Fries Waffle Parmesan Garlic
16184,Fries Waffle Plain Fried
7231,Fries Waffle Seasoned Fried
17576,Fries Yuca
7799,Frittata Spinach Mushroom & Jack
16591,Frittata Spinach Roasted Red Pepper
16234,Fruit Compote Mixed Berry
17340,Fruit Crisp Apple Vegan
22142,Fruit Crisp Apple Vegan IS-ISR
6267,Fruit Crisp Apples IQF
16246,Fruit Cup Fresh 9oz
19026,Fruit Cup Large ALC
10783,Fruit Fresh Whole
5291,Fruit Salad
8183,Fruit Whole Mixed IH*
1609,Garlic Peeled
10275,Garlic Roasted
6622,Giardiniera
7670,Ginger Pickled Bulk
11006,Ginger Pickled Pc
740,Ginger Root
8185,Ginger Root Minced
18471,Gingerbread Vegan
13141,Gluten Free Bun Hamburger Udi's
17998,Gluten Free Cookie IW Chocolate Chip
16651,Gnocchi w/ Roasted Vegetables and Pesto
5263,Gnocchi w/Gorgonzola Sauce
17636,Gnocchi with Butternut Squash
20769,Grain Farro Cooked
20527,Grain Sorghum Popped
3634,Grapefruit Halves
851,Grapes Red
3211,Gravy Beef
3129,Gravy Beef (basic)
3130,Gravy Chicken
5150,Gravy Chicken Season
10629,Gravy Mushroom
5528,Gravy Onion Vegetarian
6011,Gravy Pepper
18102,Gravy Portabella Vegan
3303,Gravy Sausage For Biscuits
7351,Gravy Turkey
14933,Gravy Vegetarian Sausage
5848,Green Onions Sliced
7492,Greens Bitter Braised IU
14948,Greens Bitter Sauteed
4814,Greens Collard - Recipe
15691,Greens Collard Wilted w/ Garlic
5529,Greens Collard with Turkey
6899,Greens Kale
3346,Greens Mustard And Turnip
3627,Grits
6406,Grits and Shrimp
15050,Grits Cheese w/ Greens & Tomato
236,Guacamole Heidi's Recipe
7272,Guacamole IU (1)
5433,Gumbo Chicken with Andouille Sausage
17433,Gumbo Fil� Chef Brenda
17212,Gumbo Seafood w/ Andouille Sausage
12441,Gumbo Vegan
21475,Gyro Meat Beef Lamb Cone
58,Gyro Meat Beef Lamb Sliced
7984,Gyro Toppings Bar
3405,Ham Slice Grilled
1222,Herb Fresh Basil
8323,Herb Fresh Basil Thai
1972,Herb Fresh Cilantro
465,Herb Fresh Mint
1943,Herb Fresh Parsley Flat Italian
10115,HMR Rice Sushi
21953,HMR Salad Caesar Small
13034,HMR Salad Chicken Buffalo Large
21955,HMR Salad Chicken Buffalo Small
10924,HMR Salad Chicken Caesar
10864,HMR Salad Chicken Tender
10923,HMR Salad Cobb Large
10920,HMR Salad Spinach and Strawberry
18618,HMR Sandwich 6in Ham Salami Bacon Provol
18545,HMR Sandwich 6in Italian Cold Cut
12879,HMR Sushi General Tso's
10117,HMR Sushi Philadelphia Roll
17832,HMR Sushi Roll Avocado
10119,HMR Sushi Spicy Shrimp Roll
963,Honey Bulk Jug
7246,Hoppin John Vegan
4623,Hoppin John with Ham Hocks
2924,Hot Chocolate 12oz
6233,Hummus Hall Made
14964,Hummus Lemon Goat cheese
8151,Hummus Premade Red Pepper
5546,Hummus Red Pepper
15076,Hummus Smoked
14953,Hummus Sweet Potato
5623,Hush Puppy Fried Recipe
18637,IC 4oz Teariffic Green Tea Matcha
1113,Ice Cream 3 Gal Vanilla
19021,Ice Cream Green Tea Hall Made
7546,Ice Cream Kulfi
4054,Ice Cream Novelties
8764,Icing Frosting Buttercream Chocolate
5323,Ik Sauce Marinara
1233,Ik Sauce Meat - Recipe
9616,Jalapeno Bottle Cap Recipe
5711,Jalapeno Poppers
15571,Jalapeno Poppers 4pc ALC
4657,Jambalaya Vegetarian
574,Jelly Grape
21830,Jelly Natate Coco Lychee
211,Juice Apple 12/46oz
16622,Juice Fresh Clean and Green
16623,Juice Fresh Snappy C
19982,Juice Fresh Sweet Green
12348,Juice Orange Fresh Refrigerated
21255,Juice Orange Fresh Squeezed
9314,Juice Orange Shelf Stable 46oz
15112,Kale Chips
19305,Kale Fried
16599,Kale Greens Leafy Dark
17537,Kale Sauteed with Mushrooms and Garlic
831,Ketchup PC
14561,Ketchup Spicy
360,Ketchup Tomato Canned
17574,Kimchi Bok Choy Quick Vegan
7543,Kimchi Item SpOrd
17575,Kimchi Napa Cabbage Quick Vegan
18994,Kimchi Vegetable Quick Vegan
6416,Kosher Bread Roll Dinner
7978,Lamb Gosht Halal
16999,Lamb Jalfrezi Halal
18802,Lamb Korma Halal
14032,Lamb Leg Boneless Carving Halal
5234,Lamb Leg Roasted Halal with Gravy
10750,Lamb Leg Rotisserie Marinated Halal
12889,Lamb Moroccan Tagine Honey Apricot Halal
9427,Lamb of Leg Pistachio Stuffed Halal
3458,Lasagna Beef
7824,Lasagna Four Cheese
6644,Lasagna Roasted Vegetable
3272,Lasagna Spinach
11748,Lasagna Spinach Vegan
5478,Lasagna Three Cheese
10679,Lasagna Tofu
5985,Lasagna Wild Mushroom
13967,Lasagna Zucchini Quinoa Vegan
10261,Lemon Shake Up
18474,Lemonade Raspberry
14582,Lemonade Strawberry
858,Lemons
5254,Lentil Curried
5550,Lentils Moong Dal
17897,Lentils Tadka Dal Diwali
5267,Lentils with Spinach
19631,Lentils with Spinach Squash Parsnips
1964,Lettuce Arugula
682,Lettuce Head Green Leaf
7309,Lettuce Iceberg Shred
6876,Lettuce Romaine Chopped
6270,Lettuce Shredded
6873,Lettuce Spring Mix
10272,Limeade Blackberry
859,Limes
9140,LTOP Setup
3077,Macaroni & Cheese
14028,Macaroni & Cheese Butternut Squash
18146,Macaroni & Cheese Caribbean Grill
12205,Macaroni & Cheese Fried
14631,Macaroni & Cheese Vegan
6068,Mahi Mahi w/ Pancetta and Butter Sauce
1558,Mango Pieces Iqf
5982,Maque Choux
13300,Margarine PC Promise
818,Mayonnaise 4/1 Gal
2599,Mayonnaise Pc
9071,Mayonnaise Pc Kraft
17448,Mayonnaise Sriracha
1529,Meatball Beef Italian .5oz
5495,Meatball Swedish Preformed
18986,Meatball Turkey Italian .5oz
10469,Meatball Vegan Italian
13663,Meatballs & Marinara
12350,Meatballs Cooked
4411,Meatballs w/ Sauce for Sandwich
5473,Meatloaf Beef
17473,Meatloaf Beef Stuffed Not Your Mom's
7871,Meatloaf Turkey
12678,Meatloaf Vegetarian
10048,Melon Cantaloupe Cubed Precut
10049,Melon Honeydew Cubed Precut
6860,Mesclun Mix
18054,MFT Burger Black Bean
16257,MFT Cookie Oreo Fried
22062,MFT Salad Shaker Bi Bim Bap
12666,MFT Sandwich Sausage Bratwurst
17632,MFT Sauce Gochujang Garlic
6927,Milk 2% Gallon
9768,Milk Almond Vanilla Silk 32oz
8653,Milk Skim Gallon
6060,Milk Soy Silk Original 32oz
971,Milk Sweetened Condensed
8684,Milk Whole Gallon
15108,Millet Cooked
337,Mix Dressing Ranch Hidden Valley 3.2oz
12168,Mochi Rice Cake Pieces
13518,Moroccan Harcha
6214,Mousaka
11630,Mousaka Vegan
13285,Muffaletta
5606,Muffin Asstd
10345,Muffin Banana Nut 4.5oz
10346,Muffin Blueberry 4.5oz
10356,Muffin Blueberry 6.25oz
10358,Muffin Chocolate Chip 6.25oz
10350,Muffin Chocolate Double Dutch 4.5oz
10077,Muffin Double Chocolate Chip
17757,Muffin Lemon Blueberry IS-ISR
10351,Muffin Lemon Poppy 4.5oz
10293,Muffin PDM Blueberry 4.5oz
10297,Muffin PDM Double Dutch 4.5oz
10300,Muffin PDM Pistachio 4.5oz
10352,Muffin Pistachio 4.5oz
10364,Muffin Pistachio 6.25oz
20104,Muffin Red Velvet 6.25oz
21454,Muffin Sara Lee Blueberry 48/4oz
21453,Muffin Sara Lee Double Chocolate 48/4oz
927,Muffins Assorted 2oz
7561,Mushroom Grilled Portabella
15413,Mushroom Portabello Quinoa Stuffed
12525,Mushroom Sauteed Bi Bim Bap
9399,Mushroom Stuffed Vegetable & Fontina
16680,Mushrooms Cremini and Leeks
3713,Mushrooms Fried
5629,Mushrooms Portabella Stuffed
10010,Mushrooms Portabella Stuffed (VEGAN)
4361,Mushrooms Sauteed
18343,Mushrooms Shitake Sauteed
2467,Mushrooms White Sliced
10422,Mussels with Garlic Wine Sauce
336,Mustard Dijon
6254,Mustard Dijon Whole Grain
1858,Mustard Grey Poupon PC
21900,Mustard Honey PC Cup
8869,Mustard Honey PC Packet
348,Mustard Yellow 4/1gal
824,Mustard Yellow Pc
5449,Noodle Egg Medium Cooked
13699,Noodle Ramen Thin Frozen
18157,Noodle Tang Myun Cooked
17117,Noodle Udon Cooked
11704,Noodles Buckwheat Stir Fry
10778,Noodles Drunken Thai
5697,Noodles Pop's Singapore
5301,Noodles Rice Flat Cooked
17530,Noodles Rice Stick Cooked
5300,Noodles Soba Cooked
7817,Nut Almond Toasted
895,Nut Almonds Slivered
2283,Nut Cashew Roasted Salted Bulk
2546,Nut Peanut Spanish
6381,Nut Peanuts Chopped
8146,Nuts Deluxe Mixed
2293,Oatmeal Hearty
19231,Oatmeal Overnight Berry Almond Chia
19232,Oatmeal Overnight Granola Chia Cranberry
18106,Oil Chili for Mapo Tofu & Hot Pot
1208,Oil Chili Hot
586,Oil Olive
1076,Oil Sesame Toasted Pure
13971,Okonomiyaki
3502,Okra Fried
352,Olives Black Ripe Sliced
9929,Olives Green Sliced
355,Olives Green Stuffed
1585,Olives Kalamata Pitted
4256,Omelet Denver
3363,Omelet Spanish
18260,Omelet Station Late Night
6289,Omelet Station---Cracked Egg
12548,Omelet Station---Midnight Breakfast
3692,Omelette Ham and Cheese
1560,Onion Red Chopped
13362,Onion Red Diced
6488,Onion Red Slices
3132,Onion Rings French Fried Breaded
17175,Onion Rings Fried ALC
3315,Onion Sauteed
1457,Onion Thin Sliced
17114,Onion Yellow Diced
7870,Onion Yellow Diced 1/4 in.
1151,Onions French Fried
1904,Onions Green
13339,Onions Red Pickled
4839,Oodles Sauce Dipping
13319,Oodles Ziti Baked w/ Mushrooms
3032,Orange Fluff
258,Orange Mandarin Segments Canned
2690,Orange Sunkist Navel #1
17199,Oxtails w/ Gravy and Collards
6146,Pad Thai Shrimp
16563,Pad Thai Tofu
5554,Pad Thai Vegetable
5661,Paella International Cafe
20207,Pakora Mirch Banana Pepper Stuffed
11210,Pakora Vegetable
1516,Pan Aluminum Foil Full Size
12585,Pancake Fzn Buttermilk
21245,Pancake Fzn Filled Apple
21246,Pancake Fzn Filled Blueberry
14939,Pancake Mix Prepared Batter
9300,Pancakes Apple Cinnamon
4129,Pancakes Blueberry
2949,Pancakes Buttermilk
12681,Pancakes Chocolate
20925,Pancakes Chocolate Chip ALC
8491,Pancakes Chocolate Chip Cracked Egg
12433,Pancakes Cinnamon Roll
16580,Pancakes Multi Grain
16758,Paneer Butter Masala
10894,Paneer Curry w/ Peas
10688,Paneer Muttar
16988,Paneer Palak
17919,Paneer Tikka Masala
8166,Par 1 Provolone's
8167,Par 2 Provolone's
12496,Parfait Blueberry Yogurt Granola 16oz
6564,Parfait Strawberry Cake
12497,Parfait Yogurt Strawberry Banana 16oz
6396,Parstock Abbondante Grill Hot Dog Bar
12885,Parstock Cereal Stir Ins
18761,Parstock Field of Greens Condiments
7125,Parstock Sky Garden Condiments
7336,Parstock Sky Garden Vegetables
17136,Pasta Campanelle Cooked
18447,Pasta Cavatappi Cooked
6828,Pasta Del Mar
15620,Pasta Ealy Street
5181,Pasta Farfalle Bowtie Cooked
4415,Pasta Fettuccine Cooked
4489,Pasta Fettuccine Spinach Cooked
10614,Pasta Fettuccini Chicken Alfredo
21862,Pasta Fresh Hallmade
6808,Pasta Fusilli Beef Cheddar Bake
17544,Pasta Fusilli Beef Cheddar Bake Halal
21866,Pasta Fusilli Turkey Cheddar Bake
2088,Pasta Fzn Tortellini Cheese
13664,Pasta Gemelli Cooked
20289,Pasta Gemelli Precooked Fzn
13213,Pasta Harissa Saute
14900,Pasta Harissa Saute Summer
17298,Pasta Kale Broccoli Pesto Cured Tomatoes
5215,Pasta Linguine Cooked
19057,Pasta Mac and Peas Tahini White Bean
14470,Pasta Macaroni Cooked
3907,Pasta Manicotti Cheese w/ Marinara
5729,Pasta Mediterranean
11751,Pasta Mediterranean Vegan
15084,Pasta Orzo Cooked
6774,Pasta Orzo Risotto
9415,Pasta Penne Bake Three Cheese
8970,Pasta Penne Bake Three Cheese w/ Panko
9857,Pasta Penne Baked w/ Sausage & Mushrooms
7354,Pasta Penne Cannellini Beans & Spinach
16648,Pasta Penne Cheddar Bake Whole Wheat
17209,Pasta Penne Cheddar Ham Baked
4153,Pasta Penne Cooked
13238,Pasta Penne Green Chili Cheddar Bake IH
6763,Pasta Penne Sundried Tomato & Artichoke
15078,Pasta Penne Sundried Tomato Tofu Sauce
5317,Pasta Penne w/ Garlic and Mushrooms
20265,Pasta Penne Whole Grain Precooked Fzn
11070,Pasta Penne Whole Wheat Cooked
5129,Pasta Primavera
18267,Pasta Red Lentil Cooked
11635,Pasta Rigatoni Cooked
3731,Pasta Rotini Cooked
21982,Pasta Rotini Whole Wheat Cooked
16533,Pasta Salad Gluten Free
17185,Pasta Salad Orzo Tabasco Buffalo
14047,Pasta Shells Florentine Stuffed
4211,Pasta Shells Florentine Stuffed Marinara
20683,Pasta Spaetzle Fruit Butter Illini Fuel
3274,Pasta Spaghetti Beef Neapolitan Soul
4949,Pasta Spaghetti Cooked
3237,Pasta Spaghetti Neapolitan Vegetarian
16708,Pasta Spaghetti Whole Wheat Cooked
13991,Pasta Spaghetti with Meatballs Vegan
5192,Pasta Thai Beef
18716,Pasta Tortellini Beef Cooked
5339,Pasta Tortellini Cheese Cooked
11628,Pasta Tortellini w/ Pesto Cream
18492,Pasta Ziti Cooked
6331,Paste Sambal SpOrd
7756,Pastry Danish Assorted
11531,Pastry Roll Cinnamon 4oz IKE
9753,Pastry Turnover Apple
21995,Patbingsu Original ALC
21994,Patbingsu Strawberry ALC
2815,Peaches Frozen Iqf
3610,Peas
3693,Peas and Carrots
5507,Peas And Pearl Onions
15550,Peas Black-Eyed Onions Chilies Garlic
5413,Peas Black-Eyed Vegetarian
9524,Peas Seasoned
7154,Peas Snow
5492,Peas Sugar Snap Fresh
2708,Peas Sugar Snap Frozen
9526,Peas Sugar Snap Steamed
12360,Peas Sugar Snap with Garlic
13811,Penne w/ Roasted Tomatoes & Basil
4762,Pepper And Onions Sauteed
5545,Pepper Bulgur Stuffed
6520,Pepper Green Diced
6507,Pepper Green Whole Trimmed
8169,Pepper Melange Sauteed
6987,Pepper Mixed Melange Sliced
6508,Pepper Red Whole Trimmed
5281,Pepper Rice Stuffed
1898,Peppers Canned Banana Mild Sliced
1897,Peppers Canned Jalapeno Sliced
349,Peppers Canned Pepperoncini
7253,Peppers Canned Sport
1130,Peppers Fresh Jalapeno
9270,Peppers Poblano Quinoa Stuffed
16848,Peppers Poblano Quinoa Stuffed Vegan
18365,Peppers Red Roasted
17672,Peppers Sauteed
13841,Peppers Stuffed Black Beans Rice Cheese
16523,Peppers Stuffed Pork Black Bean
19868,Pickle Dill Slices 4/1 GAL
333,Pickle Dill Slices Deli-Style Refr 5 GAL
19869,Pickle Dill Spears 4/1 GAL
334,Pickle Dill Spears 5 GAL
16745,Pickle Peppers Chili Green
11141,Pickles Fried Spears
8476,Pie Andes Mint Chocolate
2659,Pie Apple
17226,Pie Apple Caramel Walnut Recipe
12638,Pie Apple Frozen Recipe
12235,Pie Apple Square IKE
2620,Pie Banana Cream
18311,Pie Berry Recipe
10232,Pie Blueberry
18313,Pie Blueberry Recipe
2463,Pie Boston Cream
18314,Pie Boston Cream Recipe
15604,Pie Buttermilk
13742,Pie Cheesecake
2830,Pie Cherry
13741,Pie Cherry Crumble
18310,Pie Cherry Recipe
13904,Pie Chocolate Cream
12637,Pie Chocolate Cream Recipe
12448,Pie Chocolate Marshmallow S'Mores IKE
15892,Pie Chocolate Peanut Butter
6080,Pie Chocolate Peanut Butter Silk
1471,Pie Coconut Cream
12927,Pie Coconut Cream Recipe
6199,Pie Cookies & Cream
10234,Pie Dutch Apple
12453,Pie Fruits of the Forest
1174,Pie Key Lime Meringue Topping
18312,Pie Key Lime Recipe
15671,Pie Lemon Blackberry Icebox
2757,Pie Lemon Meringue
10235,Pie Peach
18304,Pie Peach Recipe
12237,Pie Peach Square IKE
13733,Pie Pecan Chocolate Chip
13734,Pie Pecan IKE
2302,Pie Pecan Southern
16261,Pie Pumpkin Recipe IKE
7097,Pie Strawberry Cream
10237,Pie Strawberry Rhubarb
13736,Pie Sweet Potato Crunch IKE
13737,Pie Sweet Potato IKE
6224,Pie Sweet Potato Soul Ingredient
13744,Pie Toll House IKE
12226,Pie Tollhouse IKE
7680,Pierogie with Peppers and Onions
10845,Pilaf Orzo with Peppers and Peas
270,Pineapple Canned Tidbits
10705,Pineapple Churrasco
10047,Pineapple Fresh Cubed Precut
12214,Pineapple Salsa
5370,Pizza 12 in. Cheese
6757,Pizza 12 in. Margherita
6212,Pizza 12 in. Veggie
17975,Pizza 14 in. Mac & Cheese FAR
10584,Pizza 16 in. Apple & Gouda & Bacon & Cheddar
10467,Pizza 16 in. Bacon Cheeseburger
10466,Pizza 16 in. Bacon Tomato Onion
7005,Pizza 16 in. BBQ Chicken
12743,Pizza 16 in. BBQ Pork
10449,Pizza 16 in. BBQ Smoked Chicken
9441,Pizza 16 in. Beef Bulgogi
12771,Pizza 16 in. Beef Italian Halal
18744,Pizza 16 in. Beef Italian Sausage Halal
10453,Pizza 16 in. Bianca
10451,Pizza 16 in. Bon Vivant Pizza
6995,Pizza 16 in. Breakfast
12593,Pizza 16 in. Breakfast Bacon Egg and Cheese
6005,Pizza 16 in. Breakfast Country
12550,Pizza 16 in. Breakfast Southwestern
8872,Pizza 16 in. Buffalo Chicken
9428,Pizza 16 in. Cajun
20907,Pizza 16 in. Cajun SSF Sauce
10787,Pizza 16 in. Cheesesticks
8698,Pizza 16 in. Chicken Bacon Ranch
12750,Pizza 16 in. Chicken Cordon Blue
18480,Pizza 16 in. Chicken Mediterranean
15079,Pizza 16 in. Chicken Pesto
21751,Pizza 16 in. Chicken Sausage
12757,Pizza 16 in. Chicken Teriyaki
12870,Pizza 16 in. Chicken Thai Curry
12763,Pizza 16 in. Chicken White Garlic
14575,Pizza 16 in. Cinnamon Sticks
11682,Pizza 16 in. Everything
20898,Pizza 16 in. Everything SSF Pizza
8713,Pizza 16 in. Florentine
10586,Pizza 16 in. Fruit
7558,Pizza 16 in. Greek
18367,Pizza 16 in. Grilled Pork Belly Arugula
7184,Pizza 16 in. Hawaiian
20900,Pizza 16 in. Hawaiian SSF Sauce
12434,Pizza 16 in. Le Hog
20909,Pizza 16 in. Le Hog SSF Sauce
20933,Pizza 16 in. Mac & Cheese
7559,Pizza 16 in. Margherita
14409,Pizza 16 in. Meat Deep Dish
21036,Pizza 16 in. Meat Deep Dish SSF Sauce
12217,Pizza 16 in. Meatzza Lovers
20896,Pizza 16 in. Meatzza Lovers SSF Sauce
9311,Pizza 16 in. Muffaleta
6404,Pizza 16 in. Mushroom Medley
20897,Pizza 16 in. Mushroom Medley SSF Sauce
12210,Pizza 16 in. Nacho
7564,Pizza 16 in. Pepperoni
13227,Pizza 16 in. Pepperoni Mushroom
20902,Pizza 16 in. Pepperoni SSF Sauce
8743,Pizza 16 in. Philly Cheese Steak
8978,Pizza 16 in. Portobello and Red Pepper
19834,Pizza 16 in. Rainbow Vegetable
12211,Pizza 16 in. Reuben
10590,Pizza 16 in. Roasted Vegetable Rustica
12263,Pizza 16 in. Sausage
12515,Pizza 16 in. Sausage Mushroom
12212,Pizza 16 in. Sausage Mushroom Pepperoni
20901,Pizza 16 in. Sausage Mushroom SSF Sauce
20903,Pizza 16 in. Sausage SSF Sauce
12755,Pizza 16 in. Spinach Artichoke
12751,Pizza 16 in. Steak and Mushroom
18757,Pizza 16 in. Steak and Mushroom Halal
7189,Pizza 16 in. Supreme
20895,Pizza 16 in. Supreme SSF Sauce
8979,Pizza 16 in. Taco
12754,Pizza 16 in. Thai Tofu
15361,Pizza 16 in. Thin 16 in. Pepperoni
18482,Pizza 16 in. Thin Cauliflower Italian
21037,Pizza 16 in. Thin Cauliflower Italian SSF
16502,Pizza 16 in. Thin Greek
20910,Pizza 16 in. Thin Pepperoni SSF Sauce
17629,Pizza 16 in. Thin Roasted Vegetable Feta
15356,Pizza 16 in. Thin Sausage
20911,Pizza 16 in. Thin Sausage SSF Sauce
15355,Pizza 16 in. Thin Three Cheese
20912,Pizza 16 in. Thin Three Cheese SSF
15357,Pizza 16 in. Thin Vegetable
20913,Pizza 16 in. Thin Vegetable SSF Sauce
1300,Pizza 16 in. Three Cheese
20899,Pizza 16 in. Three Cheese SSF Sauce
10454,Pizza 16 in. Traditional Vegetable Pizza
16566,Pizza 16 in. Valentino
20906,Pizza 16 in. Valentino SSF Sauce
9356,Pizza 16 in. Vegetable California
20908,Pizza 16 in. Vegetable California SSF Sauce
12756,Pizza 16 in. Vegetable Spinach Broccoli
8177,Pizza 16 in. Vegetarian
16545,Pizza 16 in. Veggie Lover Deep Dish
20905,Pizza 16 in. Veggie Lover Deep Dish SSF
11681,Pizza 16 in. White Garlic Salami
11683,Pizza 16 in. White Pesto
20095,Pizza 7in BBQ Chicken ALC
21470,Pizza 7in California Vegetable ALC
16207,Pizza 7in Cheese ALC
21464,Pizza 7in Chicken Sausage
19660,Pizza 7in Pepperoni ALC
19659,Pizza 7in Sausage ALC
21487,Pizza 7in Supreme ALC
21884,Pizza 7in Veggie ALC
5657,Pizza Cheese 7in
18015,Pizza Cookie Chocolate Chunk
6618,Pizza Crust 7 in. Parbaked
19024,Pizza Naan Cheese
16239,Pizza Naan Margherita
17137,Pizza Naan Margherita AYCTE
20056,Pizza Pepperoni 7in
20057,Pizza Sausage 7in
22101,Plantain Sliced Sweetened IQF
5557,Plantains Fresh Fried
22195,Plantains Sweetened Frozen Fried Recipe
16654,Po'Boy Traditional Roast Beef w/ Gravy
18239,Polenta Cakes Southwest w/ Cilantro Lime
8054,Polenta Creamy Vegetable & Herb IH
5645,Polenta w/ Spinach & Garlic
4724,Polenta w/Tomato & Corn and Basil
5196,Polenta with Roasted Vegetables
19528,Popsicle Paleta Chamoy Chili
19530,Popsicle Paleta Mango Chili
19529,Popsicle Paleta Tamarind Chili
19527,Popsicle Paleta Watermelon Tamarind
19410,Pork Al Pastor Cooked Fzn
19505,Pork Bacon 3 Strips
7755,Pork Bacon Applewood Recipe
339,Pork Bacon Bits Real
19939,Pork Bacon Meat Science Recipe
1492,Pork Bacon Precooked
3406,Pork Bacon Recipe
12848,Pork BBQ Sweet and Spicy
18856,Pork Belly Cooked Smoked
18368,Pork Belly Fried
18478,Pork Belly Maple Smoked
10568,Pork Belly Raw Fresh JIT
14984,Pork Butt Oregano Spiced Jamaican Pernil
15514,Pork Carnita IKE
12778,Pork Carnita Recipe
6171,Pork Carnitas Fzn Cooked
17569,Pork Chimichurri
10326,Pork Chop Honey Mustard BBQ Chop House
9479,Pork Chop Marinated Grilled
3359,Pork Chop Smothered
4025,Pork Chop W/ Onion
6730,Pork Chops Southern Smothered
18353,Pork Cuban Mojo
10752,Pork Curry Vindaloo
18153,Pork Dongpo
19227,Pork Fritter Breaded 4oz
6230,Pork Ham Diced
5265,Pork Ham Honey Baked
172,Pork Ham Pit Smoked Carving
14974,Pork Loin Cider Roasted
5264,Pork Loin Diane with Sauce
7840,Pork Loin Herb Crusted
12359,Pork Loin Korean BBQ Churrasco
11241,Pork Loin Moorish Churrasco
6223,Pork Loin Slow Roast
13588,Pork Loin w/ Herb Mustard Crust
19603,Pork Loin with Port Sauce
15622,Pork Mu Shu
17228,Pork Pulled BBQ
9474,Pork Pulled Smoked Austin Blues
5643,Pork Rib Tips BBQ
5262,Pork Ribs Baby Back BBQ
11059,Pork Ribs Baby Back Smoked
13677,Pork Ribs Baby Back Southern Dry Rubbed
17523,Pork Ribs Spare BBQ
10309,Pork Ribs Spare Dry Rubbed
7877,Pork Ribs Spare Hoisin BBQ
14217,Pork Sausage Slider Italian
10450,Pork Smoked Butt Chopped
9309,Pork Stir Fry
6315,Pork Stirfry w/Eggplant & Green Beans
5596,Pork Sweet and Sour Breaded
12675,Pork Sweet and Spicy Plum
16717,Pot Pie Chicken Smoked
3180,Potato Baked
20919,Potato Chippers ALC
14136,Potato Chippers Fried
7012,Potato Chunk Battered Bite
20085,Potato Cubes Baked
18465,Potato Cubes Fried
15103,Potato French Fry Fresh Fried
8391,Potato Fried Batter Bite
9114,Potato Greek IU
3678,Potato Grilled Diced
20084,Potato Hash Brown Patty Baked
14135,Potato Hash Brown Patty Fried
3620,Potato Hash Browns Shred
4821,Potato Instant Mashed Garlic
19775,Potato Instant Mashed Idahoan Real
3575,Potato Instant Mashed Pearls
5680,Potato Latkes
5197,Potato Madras
7475,Potato Mashed
7854,Potato Mashed Garlic & Poblano
12749,Potato Mashed Red Skin Garlic
9045,Potato Mashed w/ Roated Red Pepper IH
4152,Potato New Parsley Buttered
3307,Potato O'Brien
12888,Potato O'Brien with Green Chiles
5501,Potato Red Roasted Dill
15780,Potato Red Roasted Poblano Chili Rajas
5159,Potato Red Roasted Rosemary
9801,Potato Roasted Melange
3349,Potato Salad Hot German
6211,Potato Sweet Baked
19738,Potato Sweet Mashed AYCTE
20851,Potato Sweet Roasted Diced
7436,Potato Sweet Topping Bar
18089,Potato Tater Tots ALC
11039,Potato Tater Tots Fried
20083,Potato Tri Taters Baked
3649,Potato Tri-taters
3361,Potato Wedge Oven Browned
5634,Potato Yukon Gold Roasted
7849,Potato Yukon Roasted w/Herbs IH
11650,Potatoes Spanish Spicy
16593,Potatoes w/ Red Sofrito
14705,Potsticker Chicken Fried Recipe
15026,Potsticker Vegetable Fried
12147,Powder Protein Soy
17665,Powder Protein Whey
580,Preserves Strawberry
12518,Pretzel Bavarian Stick
3400,Pretzel Soft Jumbo ALC
17100,Pretzel Soft w/ Honey Dijon Mustard Dip
1663,Pudding Chocolate
21192,Pudding Corn Wild Rice
17644,Pudding Rice Arroz con Leche
15613,Pudding Rice Kheer Catering
1664,Pudding Vanilla Canned
17150,Quesadilla Bar Parstock BYO
22033,Quesadilla Bar Vegetarian Parstock BYO
6712,Quesadilla Black Bean Corn Vegan
13630,Quesadilla Cheese
18091,Quesadilla Cheese ALC
20059,Quesadilla Cheese Chihuahua ALC
4459,Quesadilla Chicken
21868,Quesadilla Chicken Grilled ALC
5587,Quesadilla Corn Roasted
12353,Quesadilla Pork BBQ
11021,Quesadilla Shrimp
3166,Quesadilla Vegetarian
3782,Quiche Lorraine
12642,Quiche Lorraine Vegetarian
9538,Quiche Onion and Cheese
15096,Quiche Spinach and Feta
15015,Quinoa Cooked
20944,Quinoa Fruit
9762,Quinoa Spanish
13962,Quinoa Warm Cinnamon Pecan
13961,Quinoa Warm Cinnamon Pecan Vegan
18917,Radish Daikon Pickled
5626,Ragout Moroccan Vegetable
10780,Raita Cucumber
14751,Raita Cucumber Vegan
3331,Ratatouille
14385,Ravioli Beef Breaded Recipe
14130,Ravioli Cheese Breaded Recipe
18873,Ravioli Cheese Jumbo Cooked
5094,Ravioli Cheese with Marinara Sauce
356,Relish Pickle Sweet
15489,Rice and Peas Jamaican
16976,Rice Basmati Citrus Scented
17816,Rice Basmati Cooked Plain
7833,Rice Basmati Saffron
5292,Rice Basmati Seasoned
14542,Rice Basmati Yellow
12522,Rice Bi Bim Bap
14368,Rice Black Cooked
20184,Rice Brown Cooked Cahokia Local
3677,Rice Brown Cooked Monarch
8785,Rice Brown Jollof
11646,Rice Brown Jollof Vegetarian
15365,Rice Brown Parboiled Cooked
4241,Rice Brown Taco Seasoned
4492,Rice Caribbean & Beans
5250,Rice Cilantro
6529,Rice Cooked Jasmine
5261,Rice Cranberry Orange
5446,Rice Dirty Vegetarian
13325,Rice Fried Beef
9738,Rice Fried Japanese Style
4365,Rice Fried Vegetable
21840,Rice Greek Spinach
14898,Rice Jasmine Coconut Mango
11017,Rice Korean Happy
6945,Rice Mexican  in.Yellow in.
20955,Rice Mixed Vegetable ISR
20825,Rice Nigerian Coconut ISR
4447,Rice Paella Vegetarian
5984,Rice Pilaf Brown
16570,Rice Pilaf Brown with Fresh Herbs
6714,Rice Pilaf Lentil
9417,Rice Pilaf Wild
7029,Rice Purple
10415,Rice Red Cocina
9741,Rice Risotto
3785,Rice Spanish
5675,Rice Thai Sweet Sticky
4322,Rice White
3684,Rice White And Wild
15148,Rice White And Wild Vegan
20181,Rice White Cahokia Cooked
21735,Rice White Parboiled Cooked
15370,Rice Wild Cooked
20928,Rice Zeera ISR
7825,Risotto Mediterranean
13964,Risotto Quinoa Cheese
10745,Risotto Quinoa with Mushroom and Thyme
6027,Roastworks Corn Bean Pepper Onion Mix
9430,Roll Dinner Assorted Frozen
9019,Roll Dinner Asst Euro-Bake 4 Variety Fzn
9564,Roll Dinner Tuscan Alpha
6800,Roll Dinner White Soft Alpha
4827,Roll Pepperoni
13807,Rolls and Sliced Breads
4631,Rolls Dinner Assorted
9089,Salad Ambrosia Fruit Don's
13582,Salad Apple & Candied Pecan IH
11782,Salad Apple and Wild Rice
12445,Salad Apple Candied Pecan
18012,Salad Apple Roasted White Cheddar
11781,Salad Artichoke Arugula & Mushroom
9324,Salad Asian Noodle IH
7595,Salad Autumn Fruit & Nut
20938,Salad Banana Jalapeno ISR
20847,Salad Banh Mi Walking
5461,Salad Bar Par Recipe
21865,Salad Bar Par Recipe ISR
2358,Salad Beef Asian Flank Steak
4873,Salad Beef Thai
14591,Salad Bistro Feta Raspberry Pecan
7573,Salad Black Bean w/ Chiles and Lime
8688,Salad Black-Eyed Pea
14583,Salad BLT
14955,Salad Broccoli Chickpea Millet
20479,Salad Broccoli Cranberry
5490,Salad Broccoli Raisin
15556,Salad Brussels Sprouts Walnut Pear
12770,Salad Buffalo Chicken
12915,Salad Bulgur Celery Walnut and Grape
18653,Salad Butter Lettuce Mandarin IH
15710,Salad Butternut Squash Ancient Grain
15615,Salad Cabbage Thai
8156,Salad Cactus and Vegetable
5308,Salad Caesar
9378,Salad Caesar Chicken IH
19016,Salad Caesar Collard Green & Kale
18270,Salad Caesar Grilled w/ Chicken
9040,Salad Caesar IH
17655,Salad Caesar Kale
7599,Salad Caesar Southwest IH
10656,Salad Cannellini Artichokes Spelt
12367,Salad Caprese
12886,Salad Carrot White Bean and Dill
19972,Salad Carrot White Bean Dill Summer
14921,Salad Chef Platter
3043,Salad Chicken
4784,Salad Chicken Caesar
5978,Salad Chicken Fruit & Nut
7504,Salad Chicken Orange Dill
18423,Salad Chicken Poppy Seed Grapes Summer
21340,Salad Chicken Smoked
10267,Salad Chicken Tropical
16598,Salad Chicken with Grapes and Walnuts
5593,Salad Cobb
18760,Salad Cobb Illini IH
4946,Salad Coleslaw Creamy
12420,Salad Coleslaw Creamy Herb Catering
8158,Salad Coleslaw Fire Island
3124,Salad Coleslaw Vinegar Dressing
7296,Salad Corn Roasted
15018,Salad Couscous Israeli Dried Fruit
11248,Salad Cousous Mediterranean
20937,Salad Crab Avocado ISR
14026,Salad Crispy Noodle w/ Sweet & Sour Drsg
3127,Salad Cucumber and Onion
6361,Salad Cucumber and Onion for Soul
18539,Salad Cucumber Spicy Oi Muchim
7512,Salad Dang Cold Noodle
14754,Salad Dang Cold Noodle Summer
3075,Salad Egg
15077,Salad Egg Deviled
15069,Salad Egg Lemon Herb
15046,Salad Egg Ranch
20673,Salad Farro Citrus
11198,Salad Fatoush
3128,Salad Five Cup
5471,Salad Fruit
16787,Salad Fruit Bioncios
9443,Salad Greek
15002,Salad Greek Platter
13802,Salad Greens Goat Cheese Almond Berry
3052,Salad Ham
17822,Salad Hearts of Palm w/ Tomato & Avocado
10621,Salad Illini
14904,Salad Illini Summer
17580,Salad Italian House IH
6428,Salad Jamaican Potato
15071,Salad Jicama and Green Apple
14271,Salad Jicama Black Bean Mango
15631,Salad Kachumber
17532,Salad Kale Long Life
14983,Salad Kale Market
18557,Salad Kale Spinach Antioxidant IH
16590,Salad Kale Strawberry Avocado
3205,Salad Kidney Bean
10676,Salad Korean Potato Salad
7216,Salad Lettuce Iceberg Romaine Mix
14243,Salad Lettuce Wedge Bacon Spicy Ranch
13704,Salad Loaded Baked Potato
3208,Salad Macaroni
6216,Salad Macaroni and Pea
16243,Salad Marinated Vegetable Entree IU
7433,Salad Marinated Vegetable IU
4227,Salad Mexicali Twist
12399,Salad Miso Chopped
3247,Salad New Orleans
14920,Salad Parstock Caesar Southwest MTO
5203,Salad Pasta Bean Zesty
16596,Salad Pasta BLT
17525,Salad Pasta Broccoli Chickpea
14132,Salad Pasta Caprese
17430,Salad Pasta Caprese Asparagus IKE
15335,Salad Pasta Caribbean
14980,Salad Pasta Caribbean Lobster
7540,Salad Pasta Chicken Southwest
5207,Salad Pasta Confetti
8445,Salad Pasta Don's
14899,Salad Pasta Grape Blue Cheese Melody's
5194,Salad Pasta Greek Orzo
8384,Salad Pasta Italian Basil and Tomato
7996,Salad Pasta Pesto Vegetable Grilled
20854,Salad Pasta Premade California Rotini
20624,Salad Pasta Tortellini Sims
5163,Salad Pasta W/pesto
5180,Salad Pasta with Soy Vinaigrette
13960,Salad Pea Spicy
10616,Salad Pear and Spinach
15059,Salad Pesto Powerhouse
13374,Salad Petite Caesar
6376,Salad Petite Chef
21739,Salad Petite Spinach Quinoa
15443,Salad Petite Spinach Strawberry Walnut
18617,Salad Petite Tossed Garden
21780,Salad Petite Vegetable Cup
17677,Salad Pickled Carrots and Jalapeños
20962,Salad Potato Chimichurri ISR
20891,Salad Potato Fairbank's Smoked
17705,Salad Potato Red Smoked
6332,Salad Potato Roasted
5430,Salad Potato Soul
10191,Salad Potato Twice Baked
6227,Salad Pretzel Strawberry
17559,Salad Quinoa Almond
18345,Salad Quinoa Almond with Seared Tofu
13825,Salad Quinoa and Roasted Vegetable
10853,Salad Quinoa Lentil
13969,Salad Quinoa Tex Mex
13970,Salad Quinoa Tomato Feta
14965,Salad Quinoa & Apple & Cranberry & Feta
12932,Salad Roasted Beet and Orange
5651,Salad Roasted Corn & Black Bean
17536,Salad Roasted Sweet Potato & White Bean
5481,Salad Seafood
6545,Salad Shrimp Thai
3121,Salad Shrimp Twist Creamy
11108,Salad Simple Salad w/ Miso Dressing
4105,Salad Slaw Broccoli
13827,Salad Slaw Broccoli Sesame
15070,Salad Slaw Napa
22147,Salad Slaw Napa IS-ISR
5158,Salad Smoked Turkey
13929,Salad Spelt Arugula & Chimichurri
17541,Salad Spelt Butternut Squash Vegan
15180,Salad Spinach and Pecan
5200,Salad Spinach and Strawberry
18764,Salad Spinach Quinoa IH
13033,Salad Spinach with Poppy Seed Dressing
10726,Salad Spring Break
16740,Salad Spring Mix Berry Almond Goat Chz
18388,Salad Strawberry Commanders Palace
14622,Salad Strawberry Panzanella Vegan
14597,Salad Sweet Potato Roasted
6640,Salad Tabbouleh Bulgur
14598,Salad Tabbouleh Quinoa
4383,Salad Taco
16616,Salad Taco Vegan
4388,Salad Taffy Apple
1376,Salad Tofu with Rice Wine Vinaigrette
6362,Salad Tomato Cucumber and Onion for Soul
9196,Salad Tomato Cucumber Feta w/ Mint
1745,Salad Tomato Marinated
16684,Salad Tomato Watermelon SPE
5173,Salad Tortellini
322,Salad Tropical Fruit
3245,Salad Tuna
14604,Salad Tuscan Orzo
15567,Salad Vegetable Antipasto
3491,Salad Waldorf
12439,Salad White Bean and Arugula
13531,Salmon Smoked with Cream Cheese Onion
7255,Salsa Brenda's Fire Roasted
6250,Salsa Cocina Mexicana
16547,Salsa Fresca
6249,Salsa Green Cocina Mexicana
7319,Salsa IU
7863,Salsa Mango
2702,Salsa Mild
22053,Salsa Peach Convocation
22162,Salsa Pico De Gallo 10oz
11014,Salsa Tomatillo Cocina
13494,Salsa Tropical Fruit
7507,Salsa Verde
1353,Salsa Verde RTU
12935,Salt Sea Truffle Drop Ship
18888,Samosas Potato and Pea Baked
16853,Samosas Potato and Pea Fried
11151,Sandwich 3/1 Hamburger
12267,Sandwich Bagel Bacon Egg Cheese (UPC)
19140,Sandwich Bagel Egg Cheese Bacon MTO ALC
17908,Sandwich Bagel Egg Cheese MTO ALC
19144,Sandwich Bagel Egg Cheese SausageMTO ALC
13368,Sandwich Bagel Sausage Egg Cheese (UPC)
7977,Sandwich BBQ Beef
15109,Sandwich BBQ Pork Mac N Cheese
13725,Sandwich Beef Banh Mi
8693,Sandwich Beef Brisket BBQ House Smoked
3543,Sandwich Beef French Dip
18710,Sandwich Beef French Dip Halal
7769,Sandwich Beef Italian Halal ALC
12443,Sandwich Beef n Cheddar
16513,Sandwich Brussels Sprout Grilled
17167,Sandwich Burger Beef ALC
10089,Sandwich Burger Beef BBQ Bacon
17147,Sandwich Burger Beef Cheese ALC
17164,Sandwich Burger Beef Onion White Cheddar
16641,Sandwich Burger Black Bean 57N ALC
17170,Sandwich Burger Double ALC
17168,Sandwich Burger Double Cheese ALC
19028,Sandwich Burger Turkey Busey ALC
10670,Sandwich Caprese Vegan
14088,Sandwich Cheese Muenster Bacon Sourdough
17363,Sandwich Cheese Tomato Roasted Pesto
12671,Sandwich Chicken Buffalo Fried ALC
3737,Sandwich Chicken Cajun Halal
9332,Sandwich Chicken Chilled w/ Pesto IH
5601,Sandwich Chicken Grilled Halal
12916,Sandwich Chicken Grilled Halal ALC
14771,Sandwich Chicken Honey Mustard BBQ
12517,Sandwich Chicken Parmesan Grilled Halal
18254,Sandwich Chicken Patty Spicy ALC
13505,Sandwich Chicken Pesto
10094,Sandwich Chicken Pulled BBQ ALC
13806,Sandwich Chicken Salad on Croissant
15310,Sandwich Chicken Salad w/ Fruit and Nuts
19980,Sandwich Chicken Shawarma Halal
11555,Sandwich Chicken Spicy
12736,Sandwich Club Classic ALC
13691,Sandwich Cocktail
12276,Sandwich Croissant Bacon Egg Cheese(UPC)
19143,Sandwich Croissant Bacon Egg Chz MTO ALC
19142,Sandwich Croissant Sausage Egg CheeseALC
14493,Sandwich Cuban
7241,Sandwich Deli Roast Beef
13522,Sandwich Egg Swiss Spinach on Ciabatta
10971,Sandwich Falafel
11745,Sandwich Falafel Vegan
18251,Sandwich Fish Vegan Po' Boy
5508,Sandwich Gardenburger
7150,Sandwich Grilled Cheddar on Sourdough
14092,Sandwich Grilled Cheddar on Wheat Berry
14192,Sandwich Grilled Cheddar Tomato on Wheat
3144,Sandwich Grilled Cheese
17182,Sandwich Grilled Cheese ALC
21967,Sandwich Grilled Cheese Gourmet ALC
14191,Sandwich Grilled Cheese Muenster
17452,Sandwich Grilled Peanut Butter & Banana
3051,Sandwich Gyro Halal
7242,Sandwich Ham & Swiss
13805,Sandwich Ham Brie Spinach Dijon IH
14928,Sandwich Ham Cheddar PAR
5223,Sandwich Ham Swiss Grilled
14925,Sandwich Ham Swiss PAR
17640,Sandwich Hero Greek
6236,Sandwich Hummus on Pita
6740,Sandwich Italian Sausage
6642,Sandwich Monte Cristo
18387,Sandwich Monte Cristo w/ Pancetta Jam
13585,Sandwich Muffaletta
21912,Sandwich Muffin Egg Cheese (UPC)
15499,Sandwich Muffin Egg Cheese Bacon MTO ALC
12842,Sandwich Muffin Egg Cheese MTO ALC
6032,Sandwich Mushroom Philly
17422,Sandwich Panini Caprese ALC
19698,Sandwich Panini Caprese AYCTE
11641,Sandwich Panini Lighter Side Italy Vegan
7206,Sandwich Panini Lighter Side of Italy
13783,Sandwich Patty Melt Veggie
9489,Sandwich Philly Chicken
15234,Sandwich Philly Steak ALC
15165,Sandwich Po' Boy Green Tomato Hand Made
21848,Sandwich Po' Boy Green Tomato Prebreaded
6629,Sandwich Pork Bratwurst Peppers Onions
5639,Sandwich Pork Pulled BBQ
9348,Sandwich Pork Pulled BBQ on Kaiser IH
19226,Sandwich Pork Tenderloin with Pickles
17645,Sandwich Portabella & Hummus & Red Pepper
3233,Sandwich Reuben
825,Sandwich Reuben IU
13019,Sandwich Roast Beef & Cheddar
14058,Sandwich Roast Beef Horseradish Wh Chedd
14929,Sandwich Roast Beef Provolone PAR
14587,Sandwich Roast Beef White Cheddar IH
8013,Sandwich Salmon w/Applewood Bacon IH
15701,Sandwich Shrimp Blackened Po' Boy
13692,Sandwich Slider Beef Caramelized Onion
19930,Sandwich Slider Beef Italian Halal
11140,Sandwich Slider Chicken Breaded
12689,Sandwich Slider Chicken Breaded ALC
19446,Sandwich Slider Chickpea
19850,Sandwich Slider Fish Silverfin Bistro Sc
18355,Sandwich Slider Pork Cuban Cilantro Mayo
18462,Sandwich Slider Tofu Crispy
21095,Sandwich Slider Tofu Crispy Vegan
14585,Sandwich Smoked Salmon BLT IH
14588,Sandwich Smoked Turkey and Dill Havarti
5625,Sandwich Steak Philly Cheese AYCTE
15708,Sandwich Steak w/Jerk Sweet Potato Fries
13749,Sandwich TLT Tempeh Lettuce Tomato
18410,Sandwich TLT Tofu Lettuce Tomato
18344,Sandwich Tofu Char Siu
11142,Sandwich Tomato Roasted Pesto Vegan
7240,Sandwich Turkey & Cheddar ALC
21974,Sandwich Turkey Bacon Cheddar PAR
16579,Sandwich Turkey Reuben Cold Smoked
14927,Sandwich Turkey Swiss PAR
4783,Sandwich Turkey Swiss Sourdough Grilled
9331,Sandwich Vegetable Dagwood
13521,Santa Fe Scramble
7700,Sauce Aioli Cajun
4582,Sauce Alfredo
20260,Sauce Alfredo Primo Gusto Fzn
3224,Sauce Apricot Sweet And Sour
19445,Sauce Basil Pesto Recipe
10811,Sauce BBQ 1.5 Gal Bag
19378,Sauce BBQ 2oz ALC
17893,Sauce BBQ Beer
8741,Sauce BBQ Carolina
16541,Sauce BBQ Carolina Mustard
829,Sauce BBQ PC Cup
21636,Sauce BBQ PC Packet
18538,Sauce BBQ Peach
6229,Sauce BBQ Spicy
12846,Sauce BBQ Sweet and Spicy
821,Sauce BBQ Sweet Baby Rays
8740,Sauce BBQ White Alabama
5014,Sauce Beef Au Jus
2219,Sauce Bolognese Meat
5409,Sauce Buffalo Wing
17206,Sauce Buffalo Wing 2oz ALC
21478,Sauce Cheese 2oz ALC
14242,Sauce Cheese Beer
14240,Sauce Cheese Cheddar Sharp
18784,Sauce Cheese Cheddar Sharp Gehl's SpOrd
1905,Sauce Cheese Gehl's 140oz
19523,Sauce Cheese Gehl's 80oz
14031,Sauce Cheese Gouda Smoked
9475,Sauce Cheese White Land O Lakes
18418,Sauce Cheese White Queso Blanco Gehl's
14025,Sauce Cheese White Recipe
1823,Sauce Cheese Whiz
3212,Sauce Cocktail
6727,Sauce Cocktail RTU
6599,Sauce Coffee Dark Chocolate
20340,Sauce Coffee Sweet Chocolate & Cocoa
7133,Sauce Coffee White Chocolate
21686,Sauce Cranberry Canned Jellied
8421,Sauce Cranberry Canned Whole Berry
17177,Sauce Creamy Mushroom
1587,Sauce Garlic Chili
8434,Sauce General Tso
12764,Sauce Gochujang
1593,Sauce Hoisin
12830,Sauce Hollandaise Prepared
10325,Sauce Honey Mustard BBQ Chop House
6777,Sauce Horseradish Cream
1311,Sauce Hot Frank's 4/1gal
21439,Sauce Hot PC
7667,Sauce Hot Wings Soul
4164,Sauce Italian Garden
3063,Sauce Italian Meat
20123,Sauce Italian Meat Beef Halal
7982,Sauce Korean BBQ
18891,Sauce Kung Pao Ying's
17205,Sauce Lemon Herb Cream
18892,Sauce Marinade Korean BBQ Ying's
2653,Sauce Marinara
7281,Sauce Marinara IU
21774,Sauce Marinara Local
3877,Sauce Marinara- Recipe
5336,Sauce Marinara with Vegan Crumbles
13799,Sauce Mayonnaise Pesto
14433,Sauce Mild for Fried Chicken
6253,Sauce Mustard BBQ
10839,Sauce Paste Bean Hot Pepper Gochujang
2080,Sauce Pesto
4454,Sauce Pesto Creamy
619,Sauce Pizza
17207,Sauce Pizza 2oz ALC
17679,Sauce Pizza Pilot Plant SSF
16594,Sauce Portabella Mushroom Ragu
8380,Sauce Red Clam
16189,Sauce Remoulade Mustard
21462,Sauce Salsa Mild 2oz
16629,Sauce Sausage Mushroom Ragu
7170,Sauce Sesame
18177,Sauce Soy Dark Pearl River Bridge
620,Sauce Soy Light
489,Sauce Soy PC
1572,Sauce Sriracha Bottle
8339,Sauce Stir Fry
8335,Sauce Stir Fry Orange Ying's
3462,Sauce Sweet & Sour
8822,Sauce Sweet Sour Duck PC
19784,Sauce Sweet Sour La Choy
7666,Sauce Sweet Sour Low Sodium Kikkoman
21683,Sauce Sweet Sour Ying's
8340,Sauce Szechuan Minor's SpOrd
238,Sauce Szechuan Recipe
1619,Sauce Tartar - Recipe
21734,Sauce Tartar PC
16595,Sauce Tartar Vegan
1225,Sauce Teriyaki
10700,Sauce Teriyaki Glaze
6354,Sauce Thai Chili Sweet
22026,Sauce Tikka Masala Fzn
10339,Sauce Tofu Sticky Hawaiian
9310,Sauce Tzatziki
21460,Sauce Tzatziki 2oz
19971,Sauce Tzatziki Easy
14083,Sauce Wing Honey Chipotle
308,Sauerkraut
2404,Sausage Andouille
16174,Sausage Andouille Grilled
4920,Sausage Bratwurst Beer Peppers & Onions
18742,Sausage Bratwurst Peppers Onions
16587,Sausage Chicken Link Breakfast
21463,Sausage Chicken Pizza Crumbles
17107,Sausage Chorizo Crumble Cooked
7673,Sausage Gravy and Biscuits
17157,Sausage Italian Peppers Onions
12361,Sausage Kielbasa with Sauerkraut
59,Sausage Pepperoni Sliced
12410,Sausage Polish Peppers & Onions
41,Sausage Pork Beef Bratwurst Beer 5/1
18644,Sausage Pork Bratwurst 2oz Meat Sales
16726,Sausage Pork Bratwurst 4oz Meat Sales
42,Sausage Pork Bulk
7072,Sausage Pork Italian Pizza Crumbles
20920,Sausage Pork Links ALC
3384,Sausage Pork Links Recipe
4255,Sausage Pork Patties Recipe
6260,Sausage Turkey Links
2803,Sausage Turkey Patty Recipe
9579,Scones Assorted Pillsbury
18190,Seafood Boil
1147,Seafood Crab Imitation
7663,Seafood Creole Soul Ingredient
13785,Seafood Scampi Shrimp Garlic Scallion
11556,Seafood Shrimp 51/60 Cooked
10749,Seafood Shrimp Butterfly Breaded Fried
20678,Seafood Shrimp Greek
7861,Seasonal Fresh Cut Fruit IH*
9285,Seasoning Rub Meat BBQ
7988,Seaweed Nori Dried
17203,Seeds Chia
14049,Shortcake Strawberry Station Bar
6748,Shrimp & Vegetable Stir Fry
10689,Shrimp Bhuna
15075,Shrimp Ceviche
12352,Shrimp Chilaquiles
6522,Shrimp Cocktail
5251,Shrimp Creole
13048,Shrimp Hunan
12966,Shrimp Mojo Skewer
7226,Shrimp Popcorn
5483,Shrimp Scampi
6446,Shrimp Spicy
8341,Shrimp Thai Style Red Curry
13723,Slaw Carrot
13722,Slaw Daikon
5615,Smoothie Blubana
5617,Smoothie Illini Peach
17068,Smoothie Mango
16883,Smoothie Mango Berry Healthy 16oz
18175,Smoothie Orange and Blue
17238,Smoothie Passion Sunset
5618,Smoothie Peanut Butter Banana
17064,Smoothie Razzy Banana
9808,Smoothie Strawberry Banana
5616,Smoothie Strawberry Stormy
18400,Smoothie Tropical Green Healthy 9oz
5614,Smoothie Very Berry
8142,Snack Mix Party IH
17637,Snow Peas Toasted Sesame
16525,Snow Peas w/ Red Peppers and Mushrooms
11002,Soda 20oz MM Lemonade
19011,Soda Can Coke Classic
12189,Soda Can Coke Diet
5137,Sopapillas
20044,Soup ALC Broccoli Cheese 12oz
21471,Soup ALC California Medley 12oz
13759,Soup ALC Chicken Dumpling 12oz
21469,Soup ALC Chicken Wild Rice 12oz
13758,Soup ALC Chili Beef 12oz
21472,Soup ALC Clam Chowder 12oz
10685,Soup ALC Tomato Creamy 12oz
21465,Soup ALC White Chicken Chili 12oz
5965,Soup Baked Potato Loaded
10256,Soup Bean and Ham Hock
2959,Soup Beef Barley
12733,Soup Beef Chili Colorado
9106,Soup Beef Noodle
2963,Soup Beef Vegetable
5678,Soup Beer Cheese Soup
14503,Soup Beer Cheese Vegetarian
5632,Soup Black-Eyed Pea w/ Sweet Potato
4987,Soup Broccoli Cheese Hallmade
8001,Soup Broccoli Cheese RTU Recipe
17556,Soup Broth Miso
18152,Soup Broth Spicy Hot Pot
18189,Soup Broth Spicy Hot Pot Vegan
3003,Soup Brunswick
16339,Soup Campbells 15oz Tomato
17627,Soup Cauliflower Garlic Parmesan Parsley
5967,Soup Chicken Chili White
4167,Soup Chicken Gumbo
20700,Soup Chicken Hot & Sour
2966,Soup Chicken Noodle
14030,Soup Chicken Noodle Thai
8004,Soup Chicken Tortellini with Pesto
5974,Soup Chicken Tortilla
21271,Soup Chicken Tortilla 12oz
7468,Soup Chicken Tortilla IU
3316,Soup Chicken White & Wild Rice Fzn
5968,Soup Chicken with Wild Rice Recipe
4905,Soup Chicken Wonton
14104,Soup Chickpea & Tomato
16814,Soup Chili Bean Barley Chipotle
5966,Soup Chili Bean Corn Vegetarian
1318,Soup Chili Beef
11673,Soup Chili Black Bean
5613,Soup Chili Frozen - Recipe
12914,Soup Chili Vegan
7350,Soup Chili White Bean
2970,Soup Chowder Corn
14103,Soup Chowder Corn & Shrimp
14769,Soup Chowder Corn Roasted Poblano
2982,Soup Chowder New England Clam
18914,Soup Chowder New England Clam IH
17650,Soup Congee Rice Halal
18624,Soup Corn Crema De Elote
5976,Soup Cream of Carrot and Ginger
2904,Soup Cream of Mushroom Canned
5979,Soup Cream of Mushroom Hall-Made
3169,Soup Cream of Tomato
10284,Soup Creamy Yellow Potato w/ Rosemary
5654,Soup Cuban Black Bean
17158,Soup Dumpling LNY
3990,Soup Egg Drop
13907,Soup Five Bean & Ham Hock
6209,Soup French Onion
2629,Soup Fzn California Medley
2074,Soup Fzn Chicken Dumpling
14670,Soup Fzn Chicken Enchilada Baja
20153,Soup Fzn Chicken Noodle
20154,Soup Fzn Chicken Thai Spicy
20156,Soup Fzn Roasted Red Pepper Gouda
20157,Soup Fzn Tomato Roasted Red Pepper
3098,Soup Ham & Bean
17009,Soup Hominy and Northern Bean
15091,Soup Korean Miso
2979,Soup Lentil
7999,Soup Lentil Moroccan (Harira)
14027,Soup Minestrone Oodles
7579,Soup Minestrone RTU
2980,Soup Minestrone Veg
22271,Soup Minestrone Vegan RTU
5983,Soup Miso
2983,Soup Navy Bean Vegan
5479,Soup Pasta Fagioli Vegetarian
10095,Soup Pho Condiments
12301,Soup Pinto Bean and Ham Hock
15536,Soup Posole Beef
10510,Soup Posole Chicken
17480,Soup Posole Pepitas
2973,Soup Potato Cream of
7426,Soup Potato Leek
17521,Soup Ramen Condiments Vegan
6651,Soup Roasted Red Pepper
15901,Soup RTU Broccoli Cheese
15614,Soup Spinach Spicy
10657,Soup Split Pea Vegan
5676,Soup Tom Yum
3703,Soup Tomato - Recipe
5027,Soup Tomato Basil
17303,Soup Tomato Creamy Vegan
8783,Soup Tomato Fire Roasted
16706,Soup Tomato Rosemary Creamy
21201,Soup Tortilla Vegan
9092,Soup Tuscan Style
4184,Soup Vegetable
5972,Soup Vegetable Barley
9328,Soup Vegetable Hearty IH*
5184,Soup Zesty Garden Vegan
1029,Sour Cream 5#
12354,Sour Cream Chipotle
21461,Sour Cream PC
12363,Spaetzle with Herbs in Brown Butter
22059,Spanakopita 4pc ALC
15106,Spelt Cooked
9011,Spice Blackening IH
757,Spice Cinnamon Ground
1154,Spice Italian Seasoning
750,Spice Pepper Red Crushed
1635,Spice Seasoning Cajun
6676,Spice Sesame Seed Black
781,Spice Sesame Seeds White
9192,Spice Wasabi Powder
5582,Spinach Aglio e Olio
16277,Spinach Aglio e Olio Vegan
7431,Spinach and Chickpeas w/ Lemon
6885,Spinach Baby
722,Spinach Cleaned & Clipped
11154,Spinach Efo
17932,Spinach Fresh Steamed
9459,Spinach Frozen Seasoned
10731,Spinach Kashmiri
12526,Spinach Poached Bi Bim Bap
18570,Spinach Sauteed Kosher
15352,Spinach Sauteed with Almonds and Raisins
14951,Spinach Steamed
9278,Spread Baba Ganoush
13724,Spread Banh Mi
11700,Spread Bean Cannellini
13972,Spread Chickpea of the Sea Vegan
14450,Spread Cranberry
13437,Spread Cream Cheese Apple
13436,Spread Cream Cheese Blueberry
16624,Spread Nutella Bulk
13779,Spread Olive
15057,Spread Pesto Goat Cheese
6780,Spread Vegetable
14706,Spring Rolls Vegetarian Fried
642,Sprouts Bean Washed
12161,Squash Butternut Diced
13973,Squash Butternut Roasted Honey Miso
17610,Squash Butternut Roasted Miso Vegan
4728,Squash Medley Sauteed
16555,Squash Spaghetti with Minted Peas
15043,Squash Yellow & Zucchini Grilled
7340,Squash Yellow Sauteed IU
4232,Stew Bean Hearty
17819,Stew Beef Irish
4587,Stew Lentil and Barley
15321,Stew Lentil Jamaican with Coconut Milk
17551,Stew Pork with Kim Chee
17823,Stew Quinoa
16796,Stew Vegetable Moroccan
12654,Stir Fry Beef and Broccoli
11709,Stir Fry Field of Greens
14932,Stir Fry Thai Basil Tofu
10901,Stir Fry Yaki Udon
12391,Stirfry Noodles Rice Eggplant Mango
1144,Stock Chicken
9252,Stock Pho
13371,Stock Pho (Vegan)
6015,Stroganoff Mushroom Portabella
12875,Stromboli Buffalo Chicken
12872,Stromboli Pepperoni
12864,Stromboli Philly Cheese Steak
12868,Stromboli Sausage
12869,Stromboli Supreme
12871,Stromboli Three Cheese
437,Sugar Brown
454,Sugar Powdered
17831,Sushi Onigiri Spicy Shrimp
14777,Sweet Potato Smoked
17315,Syrup Coffee Blueberry
20361,Syrup Coffee Brown Sugar Cinnamon
6593,Syrup Coffee Caramel
12075,Syrup Coffee Caramel Sugar Free
6595,Syrup Coffee Cherry
7075,Syrup Coffee Chocolate
16948,Syrup Coffee Cinnamon
6598,Syrup Coffee French Vanilla
9997,Syrup Coffee Gingerbread
6594,Syrup Coffee Hazelnut
10904,Syrup Coffee Hazelnut Sugar Free
7415,Syrup Coffee Irish Cream
11543,Syrup Coffee Mango
13079,Syrup Coffee Peach
7203,Syrup Coffee Peppermint Pattie
21112,Syrup Coffee Pumpkin Pie
6597,Syrup Coffee Raspberry
11542,Syrup Coffee Salted Caramel
7108,Syrup Coffee Strawberry
7080,Syrup Coffee Toasted Marshmallow
19781,Syrup Coffee Vanilla
7083,Syrup Coffee Vanilla Sugar Free
16714,Syrup Mango for Shaved Ice Granizado
17924,Syrup Maple Pure
629,Syrup Pancake
6251,Syrup Pancake Blueberry 12oz SpOrd
13288,Syrup Pancake PC
16716,Syrup Pineapple for Shaved Ice Granizado
16715,Syrup Strawberry Shaved Ice Granizado
18630,Taco Cauliflower
18631,Taco Cauliflower Vegan
328,Taco Shells Corn Hard
2905,Tacos Beef
17771,Tacos Fish Catfish Chipotle Daikon Pico
7851,Tacos Fish Cod
19214,Tacos Fish Silverfin
20538,Tacos Fish Tilapia
20375,Tacos Fish Tilapia Kosher
13580,Tacos Sweet Potato Black Bean
18121,Tang Yuan (Rice Ball in Simple Syrup)
11245,Tapas Tray Olive Medley
7548,Tapioca Boba Black for Bubble Tea
18293,Tapioca Boba Popping Mango
21829,Tapioca Boba Popping Orange
21928,Tapioca Boba Popping Passion Fruit
21929,Tapioca Boba Popping Peach
20082,Tater Tot Sweet Potato Baked
14127,Tater Tot Sweet Potato Fried
10999,Tea 18.5oz Gold Peak Sweet
21888,Tea Boba Fruit 16oz
21894,Tea Boba Matcha 16oz
21892,Tea Boba Milk 16oz
21887,Tea Boba Thai 16oz
21882,Tea Brewed Jasmine
21883,Tea Brewed Oolong
3758,Tea Hot 12oz
10959,Tea Hot 16oz
10942,Tea Iced
9422,Tea Iced IH
12342,Tea Iced Sweet
18066,Tea Latte Chai 12oz
18094,Tea Latte Chai 16oz
20514,Tea Leaf Black Currant
20513,Tea Leaf Earl Grey Organic
19882,Tea Leaf Green Dragonwell Organic
7785,Teas Assorted IH
12385,Tempeh Ginger Lemon Stir Fry
19332,Toast Avocado
14131,Toast French Brioche
3356,Toast Texas French
4346,Tofu and Vegetable Stir Fry
18403,Tofu Bacon
18160,Tofu Baked
17553,Tofu Baked w/ Hoisin Sauce
7979,Tofu Baked w/ Peppers and Onions
10701,Tofu Curry Emerald
18485,Tofu Dried Bean Sprouts Stir Fried
6395,Tofu Firm
5411,Tofu Fried
10011,Tofu Fried Vegan (Field of Greens)
7664,Tofu Fried with Chili Sauce
9436,Tofu General Tso's
5732,Tofu Grilled Mediterranean
18191,Tofu Mapo Vegan
18120,Tofu Mapo with Pork
10898,Tofu Panang Curry Stew
12331,Tofu Scramble
15810,Tofu Scramble Vegan
15712,Tofu Seared w/ Five Spice Mushroom Sauce
13487,Tofu Silken
14193,Tofu Smoked w/ Mango Chutney Pirate Fest
14340,Tofu Steak Smoked
12958,Tofu Steak Smoked w/ Mango Chutney
18963,Tofu Steak Smoked w/ Pickled Onion
8137,Tofu Sticky Hawaiian
21672,Tofu Sweet & Sour Ying's Sauce
8329,Tofu Sweet Chili Lime
5709,Tofu Tex Mex With Vegetables
14543,Tofu Vegetable Skewer
5713,Tofu W/key West Bbq Sauce
15817,Tofu with Blueberry Chipotle BBQ Sauce
795,Tomato Cherry
6898,Tomato Diced Fresh
7123,Tomato Grape
14756,Tomato Halves Herbed Stuffed Vegan
12657,Tomato Sliced Fresh
2079,Tomato Sundried
6940,Tomatoes Diced Fresh
20257,Tomatoes Green Fried Premade
18369,Tomatoes Roma Roasted w/ Shallots
7380,Tomatoes Sliced
14146,Topping Bar Sundae Ice Cream
12703,Topping Bar Taco Nacho
6384,Topping Ice Cream Oreo Cookie
10192,Topping Scrambled Eggs
7704,Topping Strawberry
634,Topping Syrup Chocolate Hershey's Bulk
7010,Topping Whipped Aerosol
18427,Topping Whipped Rich's Prepared
17648,Toppings Congee Rice Soup
13814,Toppings Fajita
10846,Toppings Fry Bar
8410,Toppings Hot Dog Chicago Style
14093,Toppings Macaroni and Cheese Bar
14044,Toppings Mashed Potato Bar
4226,Toppings Potato Bar
7600,Toppings Quesadillas
5136,Toppings Taco
13386,Toppings Taco (vegan)
19895,Toppings Taco Fish
8957,Tortilla Black Bean Casserole
19182,Tortilla Corn Fried Recipe
20459,Tortilla Corn White 6 in.
1205,Tortilla Corn Yellow 6''
11240,Tortilla Española
1629,Tortilla Flour 12 in.
1072,Tortilla Flour 6 in.
518,Tortilla Flour 8 in.
16693,Tortilla Strips Corn House Made
2521,Tortilla Wrap 12 in. Jalapeno Cheese Flavor
2520,Tortilla Wrap 12 in. Spinach
2519,Tortilla Wrap 12 in. Tomato Basil
2535,Tortilla Wrap Whole Wheat 12 in.
4786,Tortillas Flour 12 in.
16509,Trail Mix Illini
16510,Trail Mix Longevity
13688,Tray Fruit
13694,Trio of Tartlets
10530,Turkey Breast Smoked Herb
1632,Turkey Burger Patty Fzn
5176,Turkey Burger Patty Premade Recipe
16727,Turkey Fillet Cajun
7976,Turkey Fillet Grilled
17204,Turkey Fillet w/ Peppercorn Jus
6660,Turkey Fillet with Pesto
4694,Turkey Grilled Filet w/Onion
9429,Turkey Herb Grilled
14571,Turkey Patty Better Burger 4oz
3616,Turkey Roast Breast Entree
22023,Turkey Sloppy Joe
7795,Turkey Whole Roasted w/Herbs
8528,Veg Chicken Sub Strips Vegan
1198,Veg Crumbles Vegan
11801,Veg Curry Squash Sweet Potato Plantain
1199,Veg Hot Dog Vegetarian
19669,Veg Patty Burger Beyond Meat 4oz
22230,Veg Patty Burger Black Bean Vegetarian
2422,Veg Patty Burger Garden Veggie
6581,Veg Patty Burger Malibu
7235,Veg Patty Malibu Recipe
16614,Veg Patty Quinoa Avocado Kale
18926,Veg Patty Quinoa Avocado Kale ISR-IS
9134,Veg Patty Sausage Vegetarian Morningstar
10788,Veg Patty Spicy Black Bean VEGAN
19514,Vegan 'Beef' Fajitas
18621,Vegan Beef Soy Braised w/ Peppers
12731,Vegan Casserole Chicken Enchilada
13577,Vegan Chicken Bang Bang
18271,Vegan Chicken BBQ White
12680,Vegan Chicken Cantonese Almond
12656,Vegan Chicken Curry Stew
12655,Vegan 'Chicken' Fajitas
15060,Vegan Chicken Jerk
12814,Vegan Chicken Patty Sandwich
17129,Vegan Chicken Salad
9088,Vegan Chicken StirFry w/Green Beans
14602,Vegan Chicken Sukiyaki
22216,Vegan Chicken Tenders Incogmeato
18776,Vegan Crumble Sausage Chorizo
12957,Vegan Meatball and Sauce
12412,Vegan Meatloaf Sage Walnut Mushroom Tofu
19382,Vegan Quesadilla Cheese and Corn
10147,Vegan Sloppy Joe Filling
13762,Vegan Stir Fry Beef and Broccoli
11652,Vegan Stroganoff
5533,Vegan Taco
12704,Vegan Taco Meat
11752,Vegan Tamal Pie
8080,Vegan Tofu Southern Greens
3687,Vegetable Blend California
9453,Vegetable Blend California Seasoned
18303,Vegetable Blend Cape Cod Steamed
15024,Vegetable Blend Capri
12821,Vegetable Blend Capri Seasoned
12190,Vegetable Blend Capri Squash Carrot GB
16647,Vegetable Blend Caribbean Broc Carrot GB
7535,Vegetable Blend Fresh Stir Fry Mix
3993,Vegetable Blend Italian
544,Vegetable Blend Italian Fzn
18607,Vegetable Blend Kyoto Kosher
9503,Vegetable Blend Kyoto Seasoned
14356,Vegetable Blend Kyoto Steamed
18848,Vegetable Blend Normandy Fzn
8014,Vegetable Blend Prince Edward
9461,Vegetable Blend Prince Edward Steamed
5276,Vegetable Blend Root Roasted
16581,Vegetable Caribbean Sautee Roasted
14741,Vegetable Chef's Choice
7862,Vegetable Crudite
13090,Vegetable Crudite with Ranch Dip
18253,Vegetable Cup w/ Ranch Dip ALC
17896,Vegetable Curry Okra Bhindi Masala
16735,Vegetable Curry Pav Bhaji
4175,Vegetable Fajita
18456,Vegetable Gratin Squash Eggplant Tomtato
4186,Vegetable Lo Mein
12403,Vegetable Mixed Cutlets
9197,Vegetable Mixed Seasonal w/ Olive Oil IH
5406,Vegetable Pot Pie
17230,Vegetable Roasted Root Hand Cut
6449,Vegetable Sauté Cuban
5691,Vegetable Saute Fresh Medley
18532,Vegetable Saute Jicama Poblano
7406,Vegetable Seasonal IU
9481,Vegetable Stir Fry Orange with Edamame
15607,Vegetable Teppanyaki
13167,Vegetables Blend Caribbean
12415,Vegetables Gado Gado with Peanut Sauce
5670,Vegetables in Yellow Curry
5153,Vegetables Oven Roasted
14662,Vegetables Roasted Platter
15616,Vegetables Thai Green Curry
6340,Vegetarian Buddha's Delight
10660,Vegetarian Buffalo Wings
5034,Vegetarian Chicken Nuggets
15110,Vegetarian Chicken Nuggets Sweet & Sour
20779,Vegetarian Chicken Succotash
14510,Vegetarian Chicken Szechuan Bang Bang
5660,Vegetarian Chilaquiles
8075,Vegetarian Couscous with Latin Flavors
16589,Vegetarian Fish Filet Recipe
6741,Vegetarian Gallo Pinto
12201,Vegetarian Hot Dog (No Bun)
7479,Vegetarian Lo Mein IU
13679,Vegetarian Molasses Baked Beans
6246,Vegetarian Tamal Pie
977,Vinaigrette Balsamic IU
7596,Vinaigrette Cilantro Lime IH
2037,Vinegar Balsamic
2203,Vinegar Red Wine
15573,Waffle Fzn
19128,Waffle Fzn Belgian
17579,Waffles Belgian Mix Recipe
5530,Waffles Carbon's Mix Recipe
17518,Waiter Served Kids' Meal Plated
8790,Wasabi Pc
8923,Water 16.9oz Liter Dasani
21984,Water 16oz Aha Mango Black Tea
21983,Water 16oz Aha Raspberry Acai
6112,Water 20oz Dasani
309,Water Chestnuts Sliced
18065,Water Hot
9421,Water Iced IH
9315,Water Service IH
1,Water Tap
14681,Whole Roasted Pig
10873,Whoopie Pies IKE
5500,Wonton Chicken Fried
10912,Wrap Beef Fajitas
19854,Wrap Beyond Burger
14896,Wrap Black Bean Burger
5633,Wrap Blt
14735,Wrap Buffalo Chicken Grilled Halal
4898,Wrap Chicken Caesar
16231,Wrap Chicken Caesar Grilled ALC
7752,Wrap Chicken Caribbean
12532,Wrap Chicken Salad
14586,Wrap Chicken Salad Pesto IH
701,Wrap Chicken Salad w/ Fruit and Nuts
7716,Wrap Club Chipotle
6792,Wrap Hummus & Vegetable
21490,Wrap Hummus Red Pepper ALC
13536,Wrap Hummus Vegan
19860,Wrap Malibu Burger Vegan
5627,Wrap Red Pepper And Avocado
9482,Wrap Soo Hwa
11097,Wrap Soo Hwa Vegan
10975,Wrap Station Made to Order Parstock ALC
15010,Wrap Strawberry Hummus
4907,Wrap Turkey Bacon Cheddar
11024,Wrap Turkey Bacon Cheddar Ranch ALC
14451,Wrap Turkey Harvest Fried Kale
14449,Wrap Turkey Harvest w/ Arugula
12806,Wrap Vegan Chicken Jerk
16603,Wrap Vegan Chicken Salad Pesto
16674,Wrap Vegan Chicken with Spicy Mayo
11750,Wrap Vegan Fiesta
5544,Wrap Vegetable
15905,Yogurt Greek PF Vanilla Bulk
15768,Yogurt Greek Plain Bulk
12607,Yogurt PF Blueberry 5#
11131,Yogurt PF Blueberry 6oz
12608,Yogurt PF Cherry Vanilla 5#
11567,Yogurt PF FF Vanilla 6oz
2284,Yogurt PF Plain 5#
6287,Yogurt PF Raspberry 5#
10029,Yogurt PF Raspberry 6oz
10022,Yogurt PF Strawberry 6oz
871,Yogurt PF Vanilla 5#
10025,Yogurt PF Vanilla 6oz
6288,Yogurt Strawberry PF 5#
16538,Zucchini Charred
12523,Zucchini Poached Bi Bim Bap
4652,Zucchini Tomato Casserole
13495,Zucchini w/ Grape Tomato Roasted Garlic
17388,Zucchini w/ Red Onion Lemon Vinaigrette
7683,zzBeans Green Frozen Italian Cut
512,zzBread Pita Pocket 6 in.
9575,zzBread Roll French Sliced Parbaked Fzn
21125,zzBread Roll Sub Rosen's
7051,zzBrownie Fudge Iced Premade
13297,zzBun Brioche Fzn Unsliced Le Bus
14350,zzCake Carrot Bars MS 20
18422,zzCake Sheet Red Velvet
6812,zzCaramelized Onion and Tomato Tart
8092,zzChef Attended Omelet Station (BLANK)
13499,zzChicken Breast Lemon Herb Butter
14441,zzCookie Assortment Gourmet MS
6082,zzCookie Chocolate Chunk 2oz RTU
12476,zzDeli Beef Roast Sliced 6/2#
1176,zzDough Pastry Twirl Cinnamon 5oz
2151,zzDressing Blue Cheese 4/1 Gal
7112,zzDressing Italian 4/1gal (Archive)
21564,zzEPU Cookie Macadamia Nut 1.21oz
21563,zzEPU Cookie Oatmeal Raisin 1.5oz
21562,zzEPU Cookie Peanut Butter 1.5oz
21566,zzEPU Cookie Trail Mix 1.5oz
13643,zzFish Tilapia Lemon Pepper
10609,zzHMR Pasta Penne
1046,zzLinen IU
10355,zzMuffin Banana Nut 6.25oz
21452,zzMuffin IW Corn 2oz
20002,zzPasta Farfalle Bowtie Cooked
20290,zzPasta Macaroni Precooked Fzn
19350,zzPasta Sautee Bowl Busey Bean
16925,zzPeppers Chili Dried Nora SpOrd
12312,zzPopsicle Three Color Bomb
14957,zzPork Bacon Applewood Smoked Cooked
17362,zzPork Pulled Smoked Patuxent (Archive)
8159,zzRelish Chicago Hot Dog
4027,zzRolls Twirls Cinnamon 5oz
13583,zzSalad Chicken Veronique
9326,zzSalad Potato Homestyle IH*
6993,zzSalsa Medium
19477,zzSandwich Beef Sliced Au Jus IH
6019,zzSandwich Greek Hero
13803,zzSandwich Turkey Swiss Greens Pesto DIA
12939,zzSausage Brat Slider 1.6oz
13695,zzSeasonal Bakery Bar
12265,zzSeeds Flax Whole Bob's
21158,zzSoup Condensed Potato Creamy
8105,zzSweet Table 5 Varieties IH*
6252,zzSyrup Pancake Strawberry 12oz(Archive)
21050,zzTopping Peppermint
9320,zzTrail Mix & Yogurt Raisins
13166,zzVegetable Blend Caribbean Broc Carrot
